closetim;starttim;difftime;email;s_2;s_3;s_6;s_1;s_8;s_4;s_262;s_263;s_259;s_260;s_261;s_257;s_15;s_5;s_21_1;s_21_2;s_21_3;s_21_4;s_21_5;s_21_6;s_21_7;s_21_8;s_21_9;s_21_10;s_21_11;s_21_12;s_21_13;s_21_14;s_21_15;s_7;s_256;s_235;s_236;s_237;s_227;s_228;s_229;s_230;s_24_1;s_24_2;s_24_3;s_24_4;s_24_5;s_24_6;s_24_7;s_24_8;s_24_9;s_24_10;s_24_11;s_24_12;s_24_13;s_24_14;s_24_15;s_24_16;s_24_17;s_159;s_160;s_161;s_164;s_165;s_166;s_167;s_163;s_179;s_170;s_171;s_172;s_173;s_180;s_181;s_182;s_183;s_184;s_185;s_186;s_187;s_188;s_189;s_190;s_191;s_192;s_193;s_194;s_195;s_196;s_197;s_198;s_199;s_200;s_201;s_202;s_203;s_204;s_205;s_206;s_207;s_175;s_135;s_178;s_136;s_71;s_137;s_177;s_240;s_85;s_86;s_97;s_70;s_72;s_73;stato_1;stato_2;stato_3;stato_4;stato_5
2020-05-12 17:53:00;2020-05-12 17:46:01;418,66;"";2;3;8;"";8;"";4;4;4;4;4;1;1;"";1;0;0;0;0;0;0;1;0;0;0;0;1;0;0;"";4;3;4;4;;;;;1;0;1;0;0;0;0;0;1;0;0;0;0;1;0;0;0;4;3;3;3;4;5;4;4;2;4;2;2;5;3;4;4;4;2;3;4;5;4;4;3;3;3;4;5;2;4;4;4;3;5;4;4;4;4;3;3;5;2;"<p>The design and interface</p>";1;"<p>Too simple</p>";"<p>the interface</p>";"";"<p>yes</p>";"<p>Quite helpful</p>";5;5;5;"<p>a little</p>";"";"";0;0;0;1;0
;;;"";;;;"";;"";;;;;;;;"";0;0;0;0;0;0;0;0;0;0;0;0;0;0;0;"";;;;;;;;;0;0;0;0;0;0;0;0;0;0;0;0;0;0;0;0;0;;;;;;;;;;;;;;;;;;;;;;;;;;;;;;;;;;;;;;;;;;;"";;"";"";"";"";"";;;;"";"";"";0;1;0;0;0
;2020-05-12 17:35:15;;"";1;3;4;"";10;"homemaker and mturk worker";;;;;;;;"";0;0;0;0;0;0;0;0;0;0;0;0;0;0;0;"";;;;;;;;;0;0;0;0;0;0;0;0;0;0;0;0;0;0;0;0;0;;;;;;;;;;;;;;;;;;;;;;;;;;;;;;;;;;;;;;;;;;;"";;"";"";"";"";"";;;;"";"";"";0;0;1;0;0
2020-05-12 21:14:29;2020-05-12 21:04:14;614,69;"";2;2;6;"";11;"";1;5;5;5;5;1;2;"";0;0;0;1;0;0;0;1;0;0;0;0;0;1;0;"";4;4;3;4;;;;;0;1;0;0;1;1;1;0;1;1;1;1;0;1;0;0;0;4;3;2;2;2;2;3;2;3;3;3;3;2;4;3;4;3;4;4;2;4;1;3;4;3;3;4;4;5;1;4;2;4;2;4;1;4;1;4;2;4;3;"<p>I like interface 3 the most because it balances providing extra information for why the system recommended the songs while also presenting this information is a nice appealing and easy to understand way. The visuals of the bar graph are superior to the statistics in my opinion which are dry and hard to look at.&nbsp;</p>";1;"<p>I dislike this interface the most because it doesn&#39;t&nbsp;provide advanced information for why songs were recommended.&nbsp;</p>";"<p>In general I like how they increase my understanding of why the system recommends the things it does and I like that the designs are mostly easy on the eyes however I think representing the information with percentages is too much and can cause some people to be turned off by it. I think it&#39;s too complex.&nbsp;</p>";"";"<p>I think the mood based recommendations are helpful for trying to figure out which music can be appropriate in certain contexts. Of course feelings are subjective so it&#39;s not going to be right all the time but in general it is useful to have in my opinion.&nbsp;</p>";"<p>I think using moods is a general and good way for classifying certain groupings of music however it cannot be used with 100% accuracy as we all perceive moods in different ways as individuals. It is good to get a general idea for the vibes of songs or playlists.&nbsp;</p>";5;5;4;"<p>My opinion hasn&#39;t changed really but I see now how there are so many different ways these services can include additional information that it makes me eager to see these things implemented as soon as possible.&nbsp;</p>";"";"";0;0;0;1;0
;;;"";;;;"";;"";;;;;;;;"";0;0;0;0;0;0;0;0;0;0;0;0;0;0;0;"";;;;;;;;;0;0;0;0;0;0;0;0;0;0;0;0;0;0;0;0;0;;;;;;;;;;;;;;;;;;;;;;;;;;;;;;;;;;;;;;;;;;;"";;"";"";"";"";"";;;;"";"";"";0;1;0;0;0
2020-05-12 18:02:27;2020-05-12 17:52:03;624;"";2;2;7;"";13;"";3;5;4;2;3;3;1;"";0;0;0;0;0;0;0;0;0;0;0;0;0;1;0;"";;;;;;;;;0;0;0;0;0;0;0;0;0;0;0;0;0;0;0;0;0;4;5;4;5;2;3;1;1;3;3;2;2;4;1;4;3;5;2;4;2;5;2;1;3;4;2;4;3;5;3;5;1;1;4;2;2;5;4;3;1;3;2;"<p>Really good for this study and thanks to all</p>";3;"<p>none</p>";"<p>yeah yes</p>";"<p>no</p>";"<p>yeah</p>";"<p>literally ok</p>";4;5;4;"<p>none</p>";"<p>none</p>";"<p>none</p>";0;0;0;1;0
2020-05-12 17:43:40;2020-05-12 17:36:43;417,163;"";1;2;4;"";3;"";2;4;3;2;2;3;3;"";0;0;0;0;0;1;1;0;0;0;0;0;0;1;0;"";;;;;;;;;0;0;0;0;0;0;0;0;0;0;0;0;0;0;0;0;0;2;4;2;4;2;3;2;4;2;4;4;4;4;2;4;1;4;1;4;1;4;2;4;1;4;3;4;2;4;3;4;2;3;3;3;3;4;2;2;2;3;2;"<p>It gave a lot of info in a way that&#39;s very easy to understand.</p>";3;"<p>It doesn&#39;t look as nice and is a little confusing.</p>";"<p>I like that they tell you exactly why songs are picked.</p><p>I don&#39;t like that some of the explanations don&#39;t really make sense</p>";"";"<p>Yes, it was interesting to see.</p>";"<p>I don&#39;t think I would use it because I don&#39;t really pick songs by mood, but I like the idea and I think others would use it.</p>";4;2;2;"<p>No</p>";"";"";0;0;0;1;0
2020-05-12 18:26:29;2020-05-12 18:17:06;563,403;"";2;2;6;"";4;"";3;4;2;3;3;2;6;"";1;0;0;0;0;1;0;0;0;0;0;0;0;0;0;"";;;;;4;4;3;3;0;0;1;0;0;1;0;0;0;0;0;0;0;0;0;0;0;2;3;2;2;3;3;3;3;2;3;3;4;3;3;3;3;3;3;3;2;3;3;4;4;2;4;3;2;4;2;3;3;2;3;3;2;3;3;4;2;3;2;"<p>I feel it is appropriate and reliable.</p>";2;"<p>I like it because it is more attractive.</p>";"<p>Good</p>";"<p>Nothing</p>";"<p>Not interested</p>";"<p>Not interested</p>";5;5;5;"<p>No</p>";"";"<p>Good</p>";0;0;0;1;0
2020-05-12 17:51:26;2020-05-12 17:40:03;682,493;"";2;3;4;"";8;"";1;5;5;5;4;1;1;"";0;0;0;0;0;1;0;0;0;0;1;0;0;1;0;"";4;3;4;4;;;;;0;1;1;0;0;0;1;1;1;1;0;0;0;0;0;0;0;4;2;3;2;1;1;5;2;3;3;3;3;2;4;3;4;2;4;4;2;4;4;2;4;2;3;4;4;3;4;3;4;4;2;4;4;3;4;3;2;4;3;"<p>I like the visual representation of each different quality, it&#39;s quicker to interpret than a number percentage.</p>";1;"<p>This design provides no actionable information for me to digest on its recommendation.</p>";"<p>I like the designs that breakdown the qualities of each song and how they relate to other recommended songs. I dislike the design that offers no explanation in its recommendations because I can have no sense of trust or accountability in this version.</p>";"";"<p>They were a little helpful because I can relate how one song makes me feel to another one.</p>";"<p>I like the idea and think it could be useful for discovering new music.</p>";5;3;3;"<p>My opinion has not changed</p>";"";"";0;0;0;1;0
;2020-05-12 17:50:33;;"";2;2;6;"";4;"";4;1;3;1;1;3;6;"";1;0;0;0;0;0;0;1;0;0;1;0;0;0;0;"";;;;;;;;;0;0;0;0;0;0;0;0;0;0;0;0;0;0;0;0;0;2;5;1;2;4;1;3;3;3;4;3;3;1;3;4;3;4;2;3;1;1;5;4;4;4;3;2;3;2;5;5;5;4;3;1;2;2;3;5;5;3;;"";;"";"";"";"";"";;;;"";"";"";0;0;1;0;0
;;;"";;;;"";;"";;;;;;;;"";0;0;0;0;0;0;0;0;0;0;0;0;0;0;0;"";;;;;;;;;0;0;0;0;0;0;0;0;0;0;0;0;0;0;0;0;0;;;;;;;;;;;;;;;;;;;;;;;;;;;;;;;;;;;;;;;;;;;"";;"";"";"";"";"";;;;"";"";"";0;1;0;0;0
2020-05-12 17:53:11;2020-05-12 17:50:11;179,17;"";2;2;4;"";4;"";4;2;4;2;3;3;1;"";0;0;0;1;0;0;0;1;0;0;0;0;0;0;0;"";;;;;;;;;0;0;0;0;0;0;0;0;0;0;0;0;0;0;0;0;0;2;4;3;2;3;3;3;3;3;3;4;3;3;4;5;3;3;2;3;3;4;4;4;3;1;3;3;2;2;3;5;4;4;3;3;3;4;2;3;2;3;3;"<p>colors</p>";1;"<p>&nbsp;i think it&#39;s kinda ugly</p>";"<p>the size and colors</p>";"";"<p>unsure</p>";"<p>unsure</p>";5;5;5;"<p>no</p>";"";"";0;0;0;1;0
2020-05-12 19:29:56;2020-05-12 19:14:19;936,706;"";2;4;7;"";4;"";3;5;5;4;4;1;6;"";0;0;1;0;0;0;0;1;0;0;1;0;1;0;0;"";4;4;5;4;;;;;0;1;0;0;0;0;1;1;1;0;0;0;0;0;0;0;0;4;4;3;5;4;4;2;5;3;4;1;4;5;5;4;2;5;4;4;1;4;4;5;1;4;3;5;5;4;1;4;4;4;4;4;3;5;1;4;2;5;1;"<p>It is easy to understand and not too complex.</p>";2;"<p>The information is too detailed.</p>";"<p>The mood data provided.</p>";"";"<p>Yes, I&#39;m gonna be impressed after listening&nbsp;to the music.</p>";"<p>I think mood allow you to choose the best song/choice of song&nbsp;for yourself at that moment you wanted to listen to music.</p>";5;5;4;"<p>No</p>";"";"";0;0;0;1;0
2020-05-12 18:39:20;2020-05-12 18:35:28;232,167;"";2;2;6;"";4;"";5;4;4;3;4;1;2;"";0;0;0;0;0;0;0;1;0;0;0;0;0;0;0;"";4;3;4;2;;;;;0;0;0;0;1;0;0;0;0;0;0;0;0;0;0;0;0;2;5;4;2;5;1;5;5;3;4;1;3;3;1;4;4;2;3;1;3;2;3;1;2;3;3;1;4;5;1;3;3;2;1;2;4;5;3;5;4;3;3;"<p>I like the analysis</p>";1;"<p>Its too simple</p>";"<p>The analysisi shown</p>";"<p>no</p>";"<p>none</p>";"<p>Its great</p>";4;4;3;"<p>not really</p>";"";"";0;0;0;1;0
;2020-05-12 21:25:25;;"";2;2;7;"";13;"";4;4;3;4;4;2;6;"";0;0;0;0;0;0;0;1;0;0;1;0;1;0;0;"";;;;;4;4;4;4;0;0;0;0;0;0;1;1;0;0;0;0;0;1;0;0;0;4;3;2;3;4;3;2;3;2;3;2;3;3;4;3;3;3;4;3;2;3;2;3;2;3;3;3;2;3;3;2;3;4;3;3;3;4;3;3;2;4;;"";;"";"";"";"";"";;;;"";"";"";0;0;1;0;0
2020-05-12 18:08:23;2020-05-12 17:39:43;1720,394;"";1;3;6;"";6;"";4;4;4;5;2;1;1;"";0;1;0;0;0;0;0;0;0;1;0;0;0;0;0;"";4;5;5;4;;;;;1;0;0;0;0;0;1;0;0;0;0;1;0;0;0;0;0;4;5;3;3;4;3;3;4;2;5;4;2;5;1;1;4;3;5;2;2;5;1;3;4;1;3;2;1;3;5;4;5;4;4;5;4;5;4;3;3;4;2;"<p>The interface looks easier to understand and to maneuver, so that is why I chose interface 2.</p>";3;"<p>The interface is very dark and harder to see.</p>";"<p>I like the most that it is easy to maneuver and what I like the least is that the color is so dark it makes it harder to see and interact with.</p>";"";"<p>I don&#39;t particularly like te the mood base it&#39;s too dark.</p>";"<p>I don&#39;t like it too much, it&#39;s too much going on.</p>";4;3;4;"<p>It has changed a little.</p>";"";"";0;0;0;1;0
2020-05-12 18:13:43;2020-05-12 17:56:25;1038,443;"";1;3;4;"";3;"";2;4;4;5;4;1;1;"";0;0;1;0;0;0;0;0;0;0;1;0;0;0;1;"contemporary Christian";4;4;4;4;;;;;0;0;0;0;1;0;1;1;0;0;0;0;0;0;0;0;0;5;4;1;2;1;2;4;2;1;4;2;4;3;5;5;1;4;1;4;1;4;1;4;2;4;3;4;5;5;1;5;1;4;2;5;1;5;1;5;2;5;3;"<p>I like the colors and the way the bars make it easy to distinguish betwween the two with a quick glance, it takes no effort at all to understand what it means and why the song was recommended. It tries to match not just the artist but also the mood and tempo that you have going.&nbsp;</p>";1;"<p>it doesn&#39;t give any reasoning for why the songs were recommended other than it was based on the list you are listening to. It makes sense if it&#39;s the same artist sometimes, but it&#39;s not always suitable for the same mood of the music. That&#39;s important.&nbsp;</p>";"<p>I like the detail of interface 3, and I like that it is a bar graph type interface instead of numbers. It&#39;s simple, but easy to read and understand with a glance. effortless. Interface 1 is really vague and doesn&#39;t offer much of an explanation at all. Just because I loke one song by an artist doesn&#39;t mean I will like others.&nbsp;</p>";"";"<p>yes! my playlist often emphasizes a mood I am in or wish to get in, and so that is extremely useful and I like it and would use something like that regularly to try out new music.&nbsp;</p>";"<p>I think it&#39;s a good idea and it is definitely something that I would use if it was implemented in my streaming app.&nbsp;</p>";5;4;3;"<p>no, they are important. I love music and love being introduced to new music that something thinks I would enjoy.&nbsp;</p>";"";"";0;0;0;1;0
;;;"";;;;"";;"";;;;;;;;"";0;0;0;0;0;0;0;0;0;0;0;0;0;0;0;"";;;;;;;;;0;0;0;0;0;0;0;0;0;0;0;0;0;0;0;0;0;;;;;;;;;;;;;;;;;;;;;;;;;;;;;;;;;;;;;;;;;;;"";;"";"";"";"";"";;;;"";"";"";0;1;0;0;0
2020-05-12 19:34:27;2020-05-12 19:24:25;602,817;"";1;2;7;"";10;"Agriculture and food";4;5;4;5;5;1;1;"";0;1;0;0;0;0;0;1;1;0;0;0;0;0;0;"";4;4;4;4;;;;;1;0;0;1;0;0;0;0;0;1;0;0;0;1;0;0;0;4;5;1;1;4;4;4;4;1;4;2;4;4;4;5;5;5;5;5;1;5;5;5;1;5;3;5;4;5;4;5;4;4;1;4;1;1;2;4;2;4;2;"<p>It is attractive and more detailed. It is easy to understand</p>";1;"<p>somewhat boring and tiring</p>";"<p>I like detailed information and dislike boring interface like interface 1</p>";"<p>no other design</p>";"<p>They were very useful</p>";"<p>It is needed sao that people can easily decode what music to listen to at any particular time</p>";5;5;5;"<p>Music recommendations is more important to me now</p>";"<p>None</p>";"";0;0;0;1;0
;;;"";;;;"";;"";;;;;;;;"";0;0;0;0;0;0;0;0;0;0;0;0;0;0;0;"";;;;;;;;;0;0;0;0;0;0;0;0;0;0;0;0;0;0;0;0;0;;;;;;;;;;;;;;;;;;;;;;;;;;;;;;;;;;;;;;;;;;;"";;"";"";"";"";"";;;;"";"";"";0;1;0;0;0
2020-05-12 18:48:39;2020-05-12 18:35:53;766,47;"";1;3;6;"";13;"";1;5;5;5;5;2;1;"";0;0;1;0;0;0;1;0;0;0;0;0;0;1;0;"";;;;;1;2;5;3;0;0;1;0;1;0;1;0;1;1;0;0;0;0;0;0;0;2;1;1;2;2;3;5;1;1;1;5;1;1;3;5;1;1;1;3;5;1;1;1;5;1;3;1;3;5;1;1;1;3;5;1;1;1;5;1;2;1;3;"<p>Even though I do not like any of these, I think number 3 would be the most attractive and easily related to the vast majority of people. It is quicker to comprehend and easier to follow, and most people need that kind of quick and easy thing to look at rather than a bunch of percentages.</p>";1;"<p>It gives zero information about why it is being recommended to me.</p>";"<p>I like that they are easy to look at and comprehend, but I dislike that it really gives me information about why I might actually like this song. I would rather know if people who listen to song A also agree that song B that is being compared to it, is of the same similarity.&nbsp;</p>";"<p>I would like to have people be able to state what songs they themselves feel are similar to other songs.</p>";"<p>They were easy to understand, but honestly nothing at all that would make my decision to download or add a song any different. I do not find it helpful.&nbsp;</p>";"<p>I think as a non emotion based person, having something that is based on moods, is simply not something I would ever use.</p>";5;4;1;"<p>No, my opinion in no way has changed.</p>";"";"";0;0;0;1;0
2020-05-12 20:30:52;2020-05-12 20:12:07;1125,13;"";2;3;7;"";13;"";4;5;4;5;4;1;1;"";1;0;1;0;0;0;0;1;1;0;1;1;0;0;0;"";4;5;4;5;;;;;1;1;0;0;0;1;0;0;1;1;0;0;0;0;0;0;0;5;4;3;4;5;4;3;4;3;4;2;4;4;3;4;3;4;4;4;3;4;4;3;3;4;4;4;3;4;3;4;3;4;3;4;3;4;2;4;3;4;3;"<p>attracive and well detailed</p>";2;"<p>simple and attractive</p>";"<p>simple and well explained</p>";"<p>none</p>";"<p>yes</p>";"<p>simpler to understand</p>";5;5;5;"<p>yes</p>";"<p>update and upgrade the music application</p>";"<p>interesting survey</p>";0;0;0;1;0
2020-05-12 19:13:14;2020-05-12 18:53:16;1198,297;"";1;3;7;"";6;"";2;4;3;3;2;2;3;"";0;0;0;0;0;0;0;1;1;0;1;0;0;0;0;"";;;;;2;4;4;4;0;0;0;0;0;0;0;1;0;1;0;0;0;0;0;0;0;3;2;2;3;2;2;4;2;4;2;4;2;2;3;4;2;4;2;4;2;4;2;3;4;2;3;3;3;4;2;4;2;4;2;4;2;4;3;4;2;3;3;"<p>It looks more modern and appealing.</p>";1;"<p>I can not get enough information from the interface.</p>";"<p>It gave me more options to choose the songs I will like. I dislike the content that the interface has.</p>";"";"<p>Not too much.</p>";"<p>I do not think it is very useful for me. It is an option to some people.</p>";4;3;3;"<p>No. I do not think it is very important to me.</p>";"";"";0;0;0;1;0
;;;"";;;;"";;"";;;;;;;;"";0;0;0;0;0;0;0;0;0;0;0;0;0;0;0;"";;;;;;;;;0;0;0;0;0;0;0;0;0;0;0;0;0;0;0;0;0;;;;;;;;;;;;;;;;;;;;;;;;;;;;;;;;;;;;;;;;;;;"";;"";"";"";"";"";;;;"";"";"";0;1;0;0;0
2020-05-12 18:11:24;2020-05-12 17:56:27;897,5;"";2;2;7;"";13;"";1;5;5;5;5;1;1;"";0;0;0;0;0;0;0;1;0;0;1;0;0;1;0;"";4;5;4;2;;;;;0;0;1;0;1;0;0;1;1;0;1;0;0;1;0;0;0;4;4;2;3;1;4;2;4;1;4;2;4;4;4;4;1;4;2;4;1;4;4;2;2;3;3;3;4;4;1;4;1;4;1;4;1;4;2;4;2;4;3;"<p>I like the bar graph and how it explains the music and why its recommended. I feel like this process i highly customizable and easy to read. I like how its laid out on one screen.</p>";2;"<p>I am not a fan of pop up windows and like everything laid out on one screen.</p>";"<p>I like how it compares per Playlist and what setting a user can have. It will match to your liking or mood when you want.</p>";"<p>none</p>";"<p>I feel like it will set you in this mood but can be used for what you are currently feeling.</p>";"<p>I would def give it a try since music is basically based off moods.</p>";5;4;4;"<p>I think they are important helps the user understand their emotions or be in a mood they want.</p>";"<p>none</p>";"<p>none</p>";0;0;0;1;0
2020-05-12 19:20:55;2020-05-12 19:03:44;1030,813;"";2;2;7;"";1;"";4;4;5;5;5;1;2;"";0;1;0;0;1;0;0;0;1;0;0;0;0;0;0;"";4;4;5;4;;;;;0;0;1;0;1;1;1;1;1;1;0;0;0;0;0;0;0;4;4;4;5;5;4;4;4;4;5;3;5;4;5;3;5;4;4;3;5;4;5;4;3;4;3;4;4;4;4;4;5;5;4;3;5;3;2;3;2;5;2;"<p>this design show highlighted so i like to choose this</p>";3;"<p>both design comparing good</p>";"<p>design 1 i recommend the least</p>";"";"<p>it is very helpful to relaxation.</p>";"<p>nice survey feel good to seen this</p>";4;4;4;"<p>no</p>";"<p>no</p>";"<p>good</p>";0;0;0;1;0
;2020-05-12 19:20:16;;"";1;2;6;"";11;"";4;4;4;3;4;1;6;"";1;1;0;0;0;0;0;0;0;0;0;0;0;0;0;"";4;4;3;3;;;;;0;0;1;0;1;0;0;0;1;0;0;0;0;0;1;0;0;3;3;3;4;4;4;3;3;4;3;3;3;3;3;3;3;4;4;3;4;4;3;4;3;3;3;4;3;4;3;4;3;3;3;4;3;3;4;3;2;3;;"";;"";"";"";"";"";;;;"";"";"";0;0;1;0;0
2020-05-12 17:54:11;2020-05-12 17:49:49;262,45;"";2;2;7;"";8;"";5;4;5;4;5;1;2;"";1;1;1;0;0;0;0;0;0;0;0;0;0;0;0;"";5;5;4;4;;;;;0;0;0;1;1;1;0;0;1;0;0;0;0;0;0;0;0;4;4;4;4;5;5;5;5;5;4;4;5;5;4;4;5;2;1;5;5;2;1;2;1;4;3;2;4;4;5;5;4;4;5;4;5;4;2;5;3;3;3;"<p>no comments</p>";2;"<p>no comments</p>";"<p>no comments</p>";"<p>no comments</p>";"<p>no comments</p>";"<p>no comments</p>";4;5;4;"<p>no comments</p>";"<p>no comments</p>";"<p>no comments</p>";0;0;0;1;0
;;;"";;;;"";;"";;;;;;;;"";0;0;0;0;0;0;0;0;0;0;0;0;0;0;0;"";;;;;;;;;0;0;0;0;0;0;0;0;0;0;0;0;0;0;0;0;0;;;;;;;;;;;;;;;;;;;;;;;;;;;;;;;;;;;;;;;;;;;"";;"";"";"";"";"";;;;"";"";"";0;1;0;0;0
;;;"";;;;"";;"";;;;;;;;"";0;0;0;0;0;0;0;0;0;0;0;0;0;0;0;"";;;;;;;;;0;0;0;0;0;0;0;0;0;0;0;0;0;0;0;0;0;;;;;;;;;;;;;;;;;;;;;;;;;;;;;;;;;;;;;;;;;;;"";;"";"";"";"";"";;;;"";"";"";0;1;0;0;0
2020-05-12 19:01:27;2020-05-12 18:41:25;1201,45;"";1;4;7;"";4;"";1;4;4;4;4;1;1;"";0;0;0;0;0;0;1;0;0;0;0;0;0;1;0;"";4;3;4;2;;;;;1;0;1;0;1;0;1;1;0;0;0;0;0;0;0;0;0;2;5;1;4;1;4;2;3;2;4;2;3;4;2;5;1;3;4;5;3;4;2;5;4;5;3;5;2;5;1;5;1;5;1;4;1;5;1;5;2;5;3;"<p>I love the bar graph with the colors and the why button is good.&nbsp; The middle one has too bright of a white box.&nbsp; it hurts my eyes</p>";1;"<p>It does not provide enough information.&nbsp; It does not have the why button.&nbsp; I&#39;m not sure about the background information about why those songs were chosen</p>";"<p>i like the bar graph the most, and nd the white screen the least</p>";"<p>I&#39;m not sure.&nbsp; maybe a link to other songs with this same mix.&nbsp; Maybe a &quot;bottom 40&quot; option.</p>";"<p>Yes, some music is really moody and I want something upbeat say for exercising.</p>";"<p>I like it.&nbsp; Again, mood is super important for your playlist while exercising.&nbsp; music has the ability to help you pump up your workout.</p>";5;4;4;"<p>I think I like the explanations and would read them more.&nbsp;&nbsp;</p>";"<p>i don&#39;t think so</p>";"";0;0;0;1;0
2020-05-12 19:26:10;2020-05-12 19:14:22;708,147;"";2;1;2;"";6;"";1;4;4;4;4;2;2;"";0;0;1;0;0;1;0;0;0;0;0;0;0;1;0;"";;;;;4;2;4;4;0;0;0;0;0;0;0;0;0;1;1;0;0;0;0;0;0;1;5;1;4;1;4;2;2;2;3;2;4;4;1;5;1;4;4;4;1;4;1;2;4;4;3;4;1;4;1;4;2;4;1;2;1;4;2;4;2;4;3;"<p>Although it doesn&#39;t show the percentage numbers, the looks of it is sleek and doesn&#39;t have as much information to digest as Interface 2.&nbsp; It&#39;s clean, simple looking, and helps when looking for recommendations.</p>";1;"<p>It doesn&#39;t give any explanation as to why the recommendation given and only shows songs without any information about them.</p>";"<p>I like the ability to see why a song is being recommended based on different percentages pertaining to the music.&nbsp; I dislike being given recommendations that have no information as to why they&#39;re being recommended.</p>";"";"<p>They were helpful in seeing just how the music is made up of different emotions and moods.</p>";"<p>I like the idea and would definitely partake in the use of such.</p>";5;3;1;"<p>No, because I know just exactly what I&#39;m looking for and usually get recommended songs I don&#39;t care for.</p>";"";"";0;0;0;1;0
2020-05-12 18:50:10;2020-05-12 18:35:06;904,036;"";1;3;6;"";13;"";3;5;5;5;5;1;6;"";0;0;0;0;0;0;1;0;0;0;0;0;1;1;0;"";5;5;5;5;;;;;0;1;1;1;1;1;1;1;1;1;1;0;0;0;0;0;0;5;5;1;5;1;5;1;5;1;5;1;5;5;5;5;1;5;1;5;1;5;5;5;1;5;3;5;5;5;1;5;1;5;1;5;1;5;1;5;2;5;3;"<p>I love the bar graph the most and it catches my attention more than the others. I would love to use a system&nbsp;like this and would use it to find songs similar to the ones I love.</p>";1;"<p>This just seems so plain and doesn&#39;t really tell me why the song was recommeneded</p>";"<p>I don&#39;t like the one not telling me why the song is recommeneded. I enjoy the bar graph because it&#39;s easier to understand and beter to look at.</p>";"<p>N/A</p>";"<p>I thought they were extremely helpful cause I often try to ifnd songs that fit the mood&nbsp; I am in. This would really help make that process easier.&nbsp;</p>";"<p>I love the idea of mood recommendations because often I try to find songs that fit my mood but come up short. If I am sad then I want songs to fit that mood.&nbsp;</p>";5;5;5;"<p>Nope</p>";"<p>n/a</p>";"";0;0;0;1;0
2020-05-12 17:53:25;2020-05-12 17:46:53;392,15;"";2;2;6;"";11;"";4;2;5;4;3;1;6;"";0;0;0;0;1;0;0;1;0;1;0;0;0;0;0;"";5;4;2;5;;;;;0;0;0;0;1;0;1;0;0;0;0;0;0;0;0;0;0;4;5;5;4;4;4;2;5;3;4;2;5;4;3;5;2;2;5;4;4;4;2;2;5;3;3;4;5;4;2;5;4;5;5;4;4;3;2;2;2;4;1;"<p>based on specification</p>";2;"<p>color</p>";"<p>above 2 slow speed</p>";"<p>no</p>";"<p>no</p>";"<p>no</p>";4;5;4;"<p>good</p>";"<p>no</p>";"<p>no</p>";0;0;0;1;0
2020-05-12 18:44:33;2020-05-12 18:25:32;1141,056;"";2;2;6;"";4;"";2;5;4;4;4;1;1;"";1;0;1;0;0;0;0;0;0;0;1;0;0;1;0;"";4;4;5;4;;;;;0;0;1;0;1;0;1;1;0;1;0;0;0;0;0;0;0;3;2;1;2;1;1;5;2;1;1;5;1;2;3;4;2;4;2;4;1;4;2;4;2;4;3;4;3;4;2;4;1;4;2;4;2;5;2;4;2;4;3;"<p>I like the use of the colored bars to visually show you how the recommended song relates to the playlist. It is something that quickly lets you glance at something and make a decision. Besides, a lot of people are not great with percentages. A big bar next to a little bar would probably make more sense to them.</p>";1;"<p>It gives little to no explanation&nbsp; of why the songs&nbsp;were recommended.</p>";"<p>I like the colored bars that visualize the similarities. I disliked the percentages and the plain design that were associated with them.</p>";"<p>WOuld change the colors used on interface 2 to be more in line with those shown in 3.</p>";"<p>Yes and no. It would be nice to moods rather than state of minds. So I would personally rather see things like Chill, Relax, Nostalgia, Mellow, etc</p>";"<p>It hink it is great! I think&nbsp; it would help me narrow down the music I want to hear when listening to these sorts of playlists.</p>";4;5;5;"<p>No I don&#39;t believe so.&nbsp;</p>";"";"<p>Thank you for the opportunity to assist you in your research.</p>";0;0;0;1;0
;2020-05-12 19:38:37;;"";1;3;6;"";8;"";2;4;4;4;4;1;3;"";1;0;0;0;0;0;0;0;1;0;0;0;1;0;0;"";4;4;3;2;;;;;0;0;0;0;1;0;0;0;0;0;0;0;0;0;0;0;0;3;4;3;4;3;3;4;2;2;2;2;4;4;2;3;4;4;4;2;4;2;4;2;4;2;3;2;;;;;;;;;;;;;;;;"";;"";"";"";"";"";;;;"";"";"";0;0;1;0;0
;2020-05-12 18:08:35;;"";1;3;6;"";11;"";4;5;3;4;5;1;6;"";1;1;0;0;0;1;0;0;0;0;0;0;0;1;0;"";4;4;5;3;;;;;0;1;0;0;0;0;0;1;1;1;0;0;1;0;0;0;0;5;4;4;4;4;3;3;5;4;4;5;3;5;4;4;3;5;4;4;4;5;5;3;3;4;3;5;4;3;5;4;3;4;4;5;4;3;4;5;2;4;;"";;"";"";"";"";"";;;;"";"";"";0;0;1;0;0
2020-05-12 18:08:12;2020-05-12 17:55:01;790,25;"";2;2;2;"";10;"Research";1;5;5;5;5;1;1;"";0;0;1;1;0;0;0;1;0;0;0;0;0;0;1;"chillhop";5;4;3;3;;;;;0;1;0;0;0;0;1;0;0;0;1;0;0;0;0;0;0;2;3;2;4;2;4;3;4;2;3;2;3;3;2;3;4;3;4;4;2;4;2;2;5;2;3;2;1;5;1;5;1;5;1;5;1;5;1;5;2;5;3;"<p>I really like having the extra information that both interface however I much prefer the way it&#39;s presented in interface 3 with the colored bars.</p>";2;"<p>The song recommendation screen is ugly and doesn&#39;t fit with the rest of the application.</p>";"<p>I do like having the extra information about why I might want to listen to some of the&nbsp;recommended songs which would better help me select a song for the mood I&#39;m in.</p>";"";"<p>Yes I thought so.</p>";"<p>I think it&#39;s a great idea because the music I listen to is largely influenced by what mood I&#39;m in or what mood I&#39;m trying to reach so any additional information that can help me find a song that I&#39;m looking for is useful.</p>";5;5;3;"<p>A little bit I never realized what having more information would look like in the Spotify app but now that I&#39;ve seen it it&#39;s something that looks pretty useful.</p>";"";"";0;0;0;1;0
;2020-05-12 18:03:34;;"";1;3;6;"";8;"";3;2;4;4;4;1;6;"";1;0;0;1;0;0;1;0;0;0;0;0;0;0;0;"";4;3;5;3;;;;;0;0;1;0;0;0;1;0;1;0;1;0;0;0;0;0;0;;;;;;;;;;;;;;;;;;;;;;;;;;;;;;;;;;;;;;;;;;;"";;"";"";"";"";"";;;;"";"";"";0;0;1;0;0
2020-05-12 20:05:10;2020-05-12 19:48:30;1000,036;"";1;3;6;"";10;"Manufacturing";1;5;3;4;3;2;3;"";0;0;0;1;1;0;0;0;1;0;1;0;0;1;0;"";;;;;3;4;4;3;1;0;0;0;1;0;1;0;0;0;0;1;0;0;0;0;0;3;5;1;4;1;3;3;4;1;4;1;3;5;3;4;1;4;1;3;3;4;1;5;1;4;3;4;3;5;1;4;1;3;1;4;1;4;1;4;2;4;1;"<p>I like that it&#39;s really simple and easy to use. The list doesn&#39;t have extra pop ups that I don&#39;t need and that&#39;s what I&#39;m looking for.</p>";3;"<p>I wasn&#39;t a fan of the bar graph on the reasoning why a song was suggested. When I want to know the answer I prefer to look at numbers like percentages as that&#39;s more accurate to me. I also don&#39;t like that the bars are placed on the page which takes up space and makes it longer for me to scroll down.</p>";"<p>I like that there&#39;s a wide variety to see when it comes to why people like the particular song and it&#39;s always a curious thing to do. What I don&#39;t like is how the reasons are placed, either they&#39;re a pop up or directly on the page. I also don&#39;t enjoy scrolling down for quite a while in order to access my shuffle suggestive song list.</p>";"";"<p>I&#39;d say they&#39;re pretty helpful because if I&#39;m looking for a song for my mood I want it to be accurately reflected by others before I choose the song.</p>";"<p>I think it would be useful when it comes to looking for songs. I&#39;m not always the best when it comes to searching for songs and enjoy having a recommendation based on what people have rated the song. This makes it easier for me to narrow down the song I&#39;d like to choose.</p>";4;5;3;"<p>I think it has because I can now see how useful it can be to narrow down songs I&#39;d like to hear without having to search everywhere.</p>";"";"";0;0;0;1;0
2020-05-12 20:00:15;2020-05-12 19:28:13;1921,407;"";1;2;6;"";4;"";4;3;5;2;4;1;1;"";1;0;0;0;0;1;0;0;0;0;0;0;0;0;0;"";2;4;3;4;;;;;0;0;1;0;0;1;1;0;0;0;0;0;0;0;0;0;0;4;2;4;2;3;2;5;4;3;3;3;2;3;4;4;2;3;4;3;5;2;4;3;3;2;4;4;2;2;2;2;4;4;3;3;3;3;2;4;2;5;2;"<p>making some much more feature&nbsp; and good&nbsp;</p>";1;"<p>some kind of dislike ments low features</p>";"<p>making some kind of disliking like so many to play the music things</p>";"";"<p>its all making my own my thoughts and do it on my way of seeing the survey</p>";"<p>making to&nbsp;change the mood in more&nbsp;feeling and do it on good&nbsp;</p>";2;3;4;"<p>the play music list in order or shuffle type and the feature s help to do it on simple way</p>";"<p>its good in way of seeing this app</p>";"";0;0;0;1;0
;;;"";;;;"";;"";;;;;;;;"";0;0;0;0;0;0;0;0;0;0;0;0;0;0;0;"";;;;;;;;;0;0;0;0;0;0;0;0;0;0;0;0;0;0;0;0;0;;;;;;;;;;;;;;;;;;;;;;;;;;;;;;;;;;;;;;;;;;;"";;"";"";"";"";"";;;;"";"";"";0;1;0;0;0
;2020-05-12 18:08:56;;"";1;2;6;"";13;"";2;4;4;4;4;1;1;"";0;0;0;0;1;0;0;0;0;0;1;0;0;1;0;"";3;3;3;3;;;;;0;0;1;0;1;0;1;1;0;0;0;0;0;0;0;0;0;1;3;1;1;1;1;4;1;5;3;2;3;1;1;2;2;4;2;4;3;4;2;2;2;3;3;4;1;5;1;5;1;5;2;5;1;5;1;5;2;5;;"";;"";"";"";"";"";;;;"";"";"";0;0;1;0;0
2020-05-12 18:01:57;2020-05-12 17:49:54;722,293;"";1;2;7;"";9;"";5;5;5;4;4;1;2;"";0;0;0;1;0;0;0;1;0;0;1;0;0;0;0;"";5;5;4;5;;;;;1;1;1;1;1;1;1;1;1;1;1;1;1;0;0;0;0;5;4;5;5;5;4;4;5;4;5;5;4;4;4;5;5;4;5;5;4;5;5;4;4;4;5;4;5;4;4;5;4;4;5;5;4;5;4;4;5;5;1;"<p>??????strong</p>";1;"<p>body</p>";"<p>interface 2</p>";"<p>interface 1</p>";"<p>interface 3</p>";"<p>interface 2</p>";5;4;5;"<p>agree</p>";"<p>strong</p>";"<p>optional</p>";0;0;0;1;0
;2020-05-12 18:30:42;;"";1;2;6;"";13;"";5;4;4;3;5;1;1;"";1;0;0;0;0;1;0;1;0;0;1;0;0;0;0;"";4;3;4;5;;;;;1;0;0;0;0;1;0;1;0;0;1;0;0;0;0;0;0;;;;;;;;;;;;;;;;;;;;;;;;;;;;;;;;;;;;;;;;;;;"";;"";"";"";"";"";;;;"";"";"";0;0;1;0;0
2020-05-13 00:55:12;2020-05-13 00:43:22;709,463;"";2;2;4;"";10;"Freelance";1;5;4;5;4;1;1;"";0;0;0;0;0;0;1;1;0;0;0;0;0;1;0;"";4;1;5;5;;;;;1;0;0;0;1;0;0;0;0;0;1;0;0;0;0;0;0;1;5;1;4;2;4;1;5;1;4;1;5;5;1;5;1;5;1;5;1;5;1;5;1;5;3;5;1;5;1;5;1;5;1;5;1;5;1;5;2;5;3;"<p>It compares the song and playlist. It shows in graph what is so closely related between the 2</p>";1;"<p>There wasn&#39;t much of an explanation</p>";"<p>I like when they compared the 2.&nbsp;</p><p>I don&#39;t like that they based it on such a small portion of all of the factors</p>";"<p>none</p>";"<p>not for me</p>";"<p>I wouldn&#39;t want this</p>";5;4;5;"<p>No</p>";"";"";0;0;0;1;0
2020-05-12 17:51:08;2020-05-12 17:39:38;689,933;"";1;2;4;"";10;"Cashier";2;4;4;5;5;1;3;"";1;0;0;1;0;1;1;1;0;0;0;0;0;1;0;"";3;5;3;2;;;;;0;0;0;1;1;0;1;1;0;0;1;0;0;0;0;0;0;2;3;3;3;2;2;3;3;4;4;2;3;3;2;2;4;3;5;2;3;2;4;2;2;1;3;2;2;2;4;3;4;2;2;2;4;1;4;2;2;2;1;"<p>Because it mostly what i&#39;m used too. I do not like all the extra information about the songs. its just too hectic and overbearing.</p>";3;"<p>I dont like the look of it and i feel that it is just too much information.</p>";"<p>I like the basic recommendations. Its easy to understand. I dont like the more detailed ones because they are just too complicated.</p>";"<p>N/A</p>";"<p>No</p>";"<p>I just feel that it is kind of too much really...</p>";5;5;1;"<p>No</p>";"<p>No</p>";"";0;0;0;1;0
;;;"";;;;"";;"";;;;;;;;"";0;0;0;0;0;0;0;0;0;0;0;0;0;0;0;"";;;;;;;;;0;0;0;0;0;0;0;0;0;0;0;0;0;0;0;0;0;;;;;;;;;;;;;;;;;;;;;;;;;;;;;;;;;;;;;;;;;;;"";;"";"";"";"";"";;;;"";"";"";0;1;0;0;0
2020-05-12 17:50:26;2020-05-12 17:39:14;671,523;"";2;3;8;"";13;"";2;4;3;3;3;2;3;"";1;1;1;0;0;0;0;0;0;0;0;0;0;0;0;"";;;;;3;4;2;4;1;1;0;0;1;1;0;0;1;0;0;1;0;0;0;0;0;3;4;2;3;3;4;2;3;2;3;2;3;4;3;4;2;4;2;4;2;4;2;4;2;4;3;4;3;5;2;5;2;5;2;5;2;5;2;2;2;5;3;"<p>Its graphic comparisons.</p>";1;"<p>No quantitative measure.</p>";"<p>graphic presentation.</p>";"<p>no</p>";"<p>yes</p>";"<p>it is a subjective assessment.</p>";4;4;4;"<p>No.</p>";"<p>No</p>";"<p>No</p>";0;0;0;1;0
2020-05-12 18:01:45;2020-05-12 17:49:56;709,554;"";2;5;8;"";11;"";1;4;5;5;5;2;1;"";0;1;0;0;0;0;0;0;0;0;0;0;1;0;0;"";;;;;4;4;4;4;0;0;0;0;1;0;0;0;1;0;0;0;0;1;0;0;0;3;1;1;1;3;3;1;3;3;4;1;3;3;3;3;3;3;3;3;3;3;3;3;3;3;3;3;3;3;3;3;3;3;3;3;3;3;3;3;3;3;1;"<p>It is every easy to understand&nbsp;</p>";1;"<p>A little bit difficult&nbsp;</p>";"<p>It is every easy to understand&nbsp;</p>";"<p>No</p>";"<p>NO</p>";"<p>No</p>";3;5;3;"<p>No</p>";"<p>No</p>";"<p>No</p>";0;0;0;1;0
;2020-05-12 22:30:33;;"";2;2;2;"";6;"";2;5;5;5;4;1;1;"";0;0;0;0;0;1;0;1;0;0;0;1;0;0;0;"";5;4;4;4;;;;;1;0;0;0;1;0;1;0;0;1;0;1;0;0;0;0;0;2;4;1;5;1;4;2;4;1;4;2;4;4;2;5;1;5;1;5;1;5;1;5;1;5;3;5;2;4;1;4;1;4;1;4;2;4;2;5;2;4;;"";;"";"";"";"";"";;;;"";"";"";0;0;1;0;0
;2020-05-14 11:21:07;;"";1;2;4;"";1;"";1;1;1;1;1;1;2;"";0;0;0;1;0;0;0;0;0;0;0;0;0;0;0;"";1;1;1;1;;;;;1;0;0;0;0;0;0;0;0;0;0;0;0;0;0;0;0;1;1;1;1;1;1;1;1;1;1;1;1;1;1;1;1;1;1;1;1;1;1;1;1;1;1;1;1;1;1;1;1;1;1;1;1;1;1;1;1;1;;"";;"";"";"";"";"";;;;"";"";"";0;0;1;0;0
2020-05-12 20:06:10;2020-05-12 19:59:02;427,833;"";2;4;6;"";8;"";2;4;5;3;2;1;6;"";1;1;1;1;0;1;0;1;1;0;1;0;0;1;0;"";5;3;2;4;;;;;1;0;1;0;0;1;1;0;1;0;0;0;0;0;0;0;0;3;2;4;3;4;5;1;2;3;5;2;4;3;1;4;5;4;4;3;4;1;2;5;2;2;3;4;5;4;2;3;2;3;4;5;1;4;3;3;2;5;1;"<p>I like the way of using and it seems easy to me</p>";3;"<p>I didn&#39;t like the design and appearences</p>";"<p>Nothing</p>";"";"<p>Yes very well</p>";"<p>So the playlist show the songs accordingly</p>";3;5;4;"<p>NO</p>";"";"";0;0;0;1;0
;2020-05-12 21:40:52;;"";1;3;6;"";4;"";2;3;4;4;4;1;3;"";0;0;0;0;0;1;0;0;0;0;1;0;0;1;0;"";4;4;3;4;;;;;0;0;0;0;0;0;0;0;0;0;0;0;0;0;0;1;0;4;4;3;4;3;4;2;4;2;4;2;4;4;;;;;;;;;;;;;;;;;;;;;;;;;;;;;;"";;"";"";"";"";"";;;;"";"";"";0;0;1;0;0
;2020-05-12 17:42:44;;"";1;3;4;"";3;"";2;4;4;5;4;1;1;"";0;0;1;0;0;0;0;0;0;0;1;0;0;0;1;"contemporary Christian";4;4;3;5;;;;;0;0;0;0;1;0;1;1;0;0;0;0;0;0;0;0;0;;;;;;;;;;;;;;;;;;;;;;;;;;;;;;;;;;;;;;;;;;;"";;"";"";"";"";"";;;;"";"";"";0;0;1;0;0
2020-05-12 19:49:58;2020-05-12 19:37:17;761,033;"";2;2;6;"";8;"";1;5;5;5;5;1;3;"";0;0;0;0;0;0;1;1;0;0;1;0;0;0;0;"";4;5;5;5;;;;;0;0;1;1;1;0;0;1;0;0;1;1;0;0;0;0;0;3;4;1;5;1;2;1;4;1;5;1;4;4;3;5;1;5;1;3;1;5;1;1;1;5;3;4;3;5;1;5;1;3;1;4;1;5;5;5;2;5;3;"<p>It has a clearer why interface compared to interface 2.&nbsp; it looks neat and get the job done for me.</p>";1;"<p>Lack of why option in the interface</p>";"<p>I don&#39;t have anything I dislike about it, but I like it&#39;s used of colors in interface 3 and the numbers in interface 2.</p>";"";"<p>yes.&nbsp; It gives info on why the song was picked</p>";"<p>I think it&#39;s great and helpful for everybody.</p>";5;5;4;"<p>Yes, they seem really important now.&nbsp;&nbsp;</p>";"";"";0;0;0;1;0
2020-05-12 20:03:21;2020-05-12 19:53:26;595,123;"";1;3;6;"";8;"";2;4;4;5;4;1;1;"";1;0;0;0;0;0;0;0;1;0;0;0;1;0;0;"";4;4;2;2;;;;;0;0;0;0;1;0;0;0;0;0;0;0;0;0;0;0;0;2;4;2;4;3;3;2;3;2;4;2;4;4;3;2;2;4;2;3;2;2;3;4;4;4;3;4;3;2;4;4;4;3;2;2;4;2;4;2;2;2;1;"<p>It is easy to use and precise.</p>";3;"<p>It is too detailed.</p>";"<p>I like the songs selected based on my playlist and I like the arrangements the least.</p>";"";"<p>No</p>";"<p>I think it is unnecessary.</p>";5;5;4;"<p>No</p>";"";"";0;0;0;1;0
2020-05-12 18:52:13;2020-05-12 18:40:53;680,41;"";1;2;6;"";11;"";2;4;3;5;4;1;1;"";1;1;1;1;0;0;0;0;0;0;0;0;0;0;0;"";3;2;5;4;;;;;1;1;1;0;0;0;0;0;0;0;0;0;0;0;0;0;0;2;2;4;3;5;3;4;4;5;5;3;3;4;3;3;5;4;4;3;5;3;4;2;4;2;5;4;3;3;3;2;4;3;4;4;3;4;5;5;2;4;2;"<p>3</p>";1;"<p>7</p>";"<p>5</p>";"<p>8</p>";"<p>4</p>";"<p>6</p>";3;5;3;"<p>NO</p>";"<p>GOOD</p>";"<p>NICE STUDY</p>";0;0;0;1;0
2020-05-12 18:26:01;2020-05-12 18:19:21;399,617;"";2;2;7;"";11;"";5;4;4;4;5;1;4;"";0;0;1;0;0;1;0;1;1;0;0;0;0;1;0;"";4;5;4;4;;;;;0;1;0;1;0;0;1;0;0;0;1;1;0;0;0;0;0;4;5;4;5;5;4;5;4;4;4;4;5;5;5;5;5;5;4;4;5;4;4;4;4;5;4;4;5;4;4;4;4;5;5;5;4;5;4;4;4;4;2;"<p>good</p>";1;"<p>nice</p>";"<p>great</p>";"<p>good</p>";"<p>nice</p>";"<p>good</p>";4;4;5;"<p>good</p>";"<p>great</p>";"<p>nice</p>";0;0;0;1;0
;;;"";;;;"";;"";;;;;;;;"";0;0;0;0;0;0;0;0;0;0;0;0;0;0;0;"";;;;;;;;;0;0;0;0;0;0;0;0;0;0;0;0;0;0;0;0;0;;;;;;;;;;;;;;;;;;;;;;;;;;;;;;;;;;;;;;;;;;;"";;"";"";"";"";"";;;;"";"";"";0;1;0;0;0
;;;"";;;;"";;"";;;;;;;;"";0;0;0;0;0;0;0;0;0;0;0;0;0;0;0;"";;;;;;;;;0;0;0;0;0;0;0;0;0;0;0;0;0;0;0;0;0;;;;;;;;;;;;;;;;;;;;;;;;;;;;;;;;;;;;;;;;;;;"";;"";"";"";"";"";;;;"";"";"";0;1;0;0;0
2020-05-12 17:58:20;2020-05-12 17:43:34;885,09;"";1;4;6;"";10;"Broadcasting";2;4;4;5;4;1;3;"";0;0;1;0;0;0;0;0;0;0;1;0;0;1;0;"";2;4;4;4;;;;;0;0;1;0;1;0;1;1;0;1;1;0;0;0;0;0;0;4;4;1;2;1;4;1;2;2;4;4;4;4;4;1;5;1;5;1;2;2;5;1;5;1;3;1;4;4;1;5;2;5;1;4;2;4;2;4;2;4;3;"<p>It gives an easy visual of why this was recommended based on my current play list. It also lets me know what I might like about the song and its feel. It is pleasing to look at and useful info.&nbsp;</p>";2;"<p>This interface was overly complicated to look at. I had no idea what I was looking at or why it was necessarily relevant.&nbsp;</p>";"<p>I like that they all give recommendations that seem to fit with what I am listening to. I would rather have 1 or 3 to look at as they are the easiest to comprehend and are the most attractive. I really don&#39;t like the look of 2 at all. It was unattractive and difficult to interpret.</p>";"<p>I would put the top reasons and matches at the top of the list on 3. It would make it so that it is apparent what is the most likely reason the son was recommended.&nbsp;</p>";"<p>In 3 they were helpful because they easily compared it to the playlist that I was cuurently listening to. The 2nd one was not very helpful as it took too much thought to understand.</p>";"<p>I like the idea as long as it is presented in an easy to read and understand format.</p>";4;4;3;"<p>I think that they are moderately important. It helps me to discover new music that I may like to listen to, but it not overly necessary.</p>";"";"";0;0;0;1;0
2020-05-12 18:36:14;2020-05-12 18:16:18;1195,69;"";1;3;6;"";6;"";4;3;4;5;4;1;6;"";0;0;0;1;0;0;1;1;0;0;0;0;0;1;0;"";3;4;5;4;;;;;0;1;0;1;0;0;0;1;0;0;0;0;0;1;0;0;0;4;3;4;4;5;4;5;5;4;3;3;3;4;4;5;3;3;4;4;3;4;5;4;4;3;3;4;5;4;5;3;3;5;3;3;5;4;3;4;2;4;3;"<p>Attractive interface</p>";1;"<p>classic look</p>";"<p>clean interface</p>";"";"<p>it reflects my feelings</p>";"<p>it is suitable for my mood</p>";4;3;4;"<p>it reflects my preferences</p>";"";"";0;0;0;1;0
;2020-05-12 19:17:50;;"";1;4;6;"";13;"";3;3;3;3;3;1;3;"";1;1;1;0;0;0;0;0;0;0;0;0;0;0;0;"";3;3;3;3;;;;;0;0;1;0;1;1;0;0;0;0;0;0;0;0;0;0;0;3;2;3;3;3;3;3;3;3;3;3;3;3;3;3;3;3;3;3;3;3;3;3;3;3;3;3;3;3;3;3;3;3;3;3;3;3;3;3;2;3;1;"";2;"";"";"";"";"";;;;"";"";"";0;0;1;0;0
2020-05-12 19:25:47;2020-05-12 19:07:44;1083,337;"";1;3;6;"";13;"";3;4;3;4;3;2;1;"";0;0;0;0;0;0;0;1;0;0;1;0;0;0;0;"";;;;;4;4;3;3;0;0;0;1;0;0;0;1;0;1;0;0;0;0;0;0;0;3;2;1;2;1;2;4;3;3;3;2;3;3;3;4;3;4;2;4;1;4;2;3;1;4;3;4;3;4;2;4;2;4;2;4;2;4;2;4;2;4;2;"<p>Because it gives precise comparisons between the songs.</p>";1;"<p>It does not give any explanation for the recommended songs.</p>";"<p>I like how you can choose to view the reason for the recommendation on interfaces 2 and 3.</p>";"<p>No comments.</p>";"<p>Yes</p>";"<p>I think it&#39;s a good idea depending on how a person is feeling at any moment in time.</p>";4;5;4;"<p>No</p>";"<p>No</p>";"<p>Interesting survey.&nbsp; Thank you for the opportunity.</p>";0;0;0;1;0
2020-05-12 17:53:24;2020-05-12 17:43:10;613,586;"";1;2;4;"";8;"";1;5;5;5;5;1;2;"";0;0;0;1;1;0;0;0;0;0;0;0;0;1;0;"";5;5;3;3;;;;;0;0;0;0;0;0;1;1;1;1;0;1;0;1;0;0;0;5;5;1;5;1;5;1;5;1;5;1;5;5;5;1;5;1;5;5;1;1;5;1;5;1;3;1;5;5;1;5;1;5;1;5;1;5;1;5;2;5;3;"<p>I like interface 3 the most because it gives detailed information in an easy to read layout that is graphically pleasing.&nbsp;</p>";2;"<p>The white box pop up with statistical information is off-putting to me and distracts from the application itself.&nbsp;</p>";"<p>I like how they compared many different attributes to provide a comparison score for the user. I dislike how bulky interface 2 seems with the additional pop-out.&nbsp;</p>";"<p>I would try to find a way to incorporate interface 2 into a similar format as interface 3, I think the numerical values can help some people but as it stands its distracting.&nbsp;</p>";"<p>They were helpful because there are times I use music to pull myself out of a bad mood or relax myself during times of stress, the last thing I need during these times is to listen to something and get overtly aggressive because of it.&nbsp;</p>";"<p>I would absolutely love to use moods for music recommendations.&nbsp;</p>";5;5;3;"<p>No, my opinion has not changed.&nbsp;</p>";"";"";0;0;0;1;0
2020-05-12 17:53:03;2020-05-12 17:38:13;890,687;"";1;5;6;"";8;"";5;4;4;3;2;1;1;"";0;0;0;0;0;1;0;0;0;0;0;0;0;1;0;"";3;4;5;4;;;;;0;1;0;0;0;0;0;0;0;0;0;0;0;0;0;0;0;3;5;3;4;4;3;4;5;2;5;2;4;5;3;3;2;3;5;5;4;4;4;3;4;5;3;5;4;4;2;4;5;5;3;4;1;5;2;2;2;5;1;"<p>easy to choose</p>";2;"<p>confused</p>";"<p>recommended</p>";"<p>super</p>";"<p>yes</p>";"<p>nice one</p>";4;5;3;"<p>recommended</p>";"<p>music applications</p>";"<p>nice one</p>";0;0;0;1;0
2020-05-12 17:56:22;2020-05-12 17:47:01;560,754;"";2;4;7;"";8;"";1;4;3;3;4;1;1;"";0;1;0;0;0;0;0;0;1;0;1;0;0;1;0;"";4;4;3;5;;;;;1;0;0;0;1;0;1;0;0;1;0;1;0;1;0;0;0;4;4;2;3;2;2;4;3;2;3;3;3;2;4;3;2;3;2;4;2;3;1;3;2;3;3;3;4;4;1;4;2;4;1;4;1;4;2;4;2;4;3;"<p>I like the visual comparison with the bar graphs the best, as it is much easier to quickly see at a glance the similarity, vs reading percentages like interface 2.&nbsp; Interface 1 doesn&#39;t really provide anything at all.&nbsp;</p>";1;"<p>It doesn&#39;t tell you anything really.&nbsp;</p>";"<p>I like that it breaks down the aspect of the songs and helps me to better understand why I like the songs that I do.&nbsp;</p>";"<p>Not to 3, I like it.&nbsp;</p>";"<p>I think so, I often listen to music based on either the mood I am in or the mood I want to be in.&nbsp;</p>";"<p>I like it a lot.&nbsp;</p>";5;5;4;"<p>Not really.&nbsp;</p>";"";"<p>Good luck with your research!</p>";0;0;0;1;0
2020-05-12 18:39:30;2020-05-12 18:28:28;661,343;"";2;2;4;"";6;"";1;5;5;5;5;1;6;"";0;0;0;1;0;0;0;1;0;0;0;1;0;0;0;"";4;2;4;4;;;;;0;0;1;0;0;0;1;1;0;1;0;0;0;0;0;0;0;2;4;2;4;2;4;2;4;2;3;1;4;4;2;2;3;4;4;4;2;4;2;2;4;4;3;3;2;4;2;4;3;4;1;4;2;3;1;4;2;5;3;"<p>While I like interface 1 the most, it does seem that is caused by familiarity to other recommender apps I have used. Interface 3 offers a new spectrum into recommendations and does so in a more aesthetical way than interface 2.</p>";3;"<p>It offers a new spectrum on how to interpret a recommendation and presents it in a pleasing way.</p>";"<p>Coincidentally what I like most and least is the same; the level of detail in the information provided. For myself personally I truly enjoy the more in depth analysis which helps provide recommendations more based on a mood or nature of a song. When thinking about it in general for the masses, I could see that level of detail being a bit much for many users.</p>";"<p>N/A</p>";"<p>Yes I think they are incredibly unique and very interesting.</p>";"<p>I am very intrigued and interested to see this interface rollout.</p>";5;5;5;"<p>My opinion has not changed as music recommendations are always important in expanding my lineup.</p>";"<p>N/A</p>";"";0;0;0;1;0
2020-05-12 21:30:46;2020-05-12 21:23:48;418,207;"";2;2;6;"";4;"";2;5;4;4;2;1;2;"";0;0;0;1;0;0;0;1;1;0;0;0;0;0;0;"";4;5;3;4;;;;;0;0;0;1;0;0;0;0;1;0;0;0;0;0;0;0;0;3;3;4;5;3;3;3;3;3;2;3;3;3;3;4;3;3;3;3;3;3;3;3;4;3;3;5;3;2;3;4;4;3;3;3;3;4;4;4;3;3;2;"<p>i like it</p>";2;"<p>bad</p>";"<p>nothing</p>";"";"<p>know</p>";"<p>sorry</p>";4;3;2;"<p>easy to use</p>";"";"";0;0;0;1;0
;;;"";;;;"";;"";;;;;;;;"";0;0;0;0;0;0;0;0;0;0;0;0;0;0;0;"";;;;;;;;;0;0;0;0;0;0;0;0;0;0;0;0;0;0;0;0;0;;;;;;;;;;;;;;;;;;;;;;;;;;;;;;;;;;;;;;;;;;;"";;"";"";"";"";"";;;;"";"";"";0;1;0;0;0
2020-05-12 17:49:38;2020-05-12 17:42:43;414,847;"";2;2;6;"";8;"";4;3;4;4;3;1;1;"";0;0;0;0;0;0;0;1;0;0;0;0;0;0;0;"";3;4;3;4;;;;;0;0;0;0;1;0;0;0;1;0;0;0;0;0;0;0;0;4;3;4;4;4;3;3;3;4;3;4;4;3;4;4;3;3;3;4;2;3;4;2;2;3;3;3;4;3;4;3;4;3;3;3;4;3;2;3;4;4;3;"<p>user friendly</p>";1;"<p>low efficiency</p>";"<p>easy to use&nbsp;</p>";"";"<p>very helpful</p>";"<p>extremely helpful&nbsp;</p>";3;4;4;"<p>no</p>";"";"";0;0;0;1;0
2020-05-12 19:36:58;2020-05-12 19:26:48;610,443;"";1;2;7;"";6;"";4;4;4;3;3;2;1;"";0;0;1;1;0;0;1;1;0;0;0;0;0;0;0;"";;;;;4;4;3;4;0;0;1;0;0;0;0;1;1;0;0;0;0;0;0;0;0;3;4;3;3;4;4;4;4;2;4;4;3;3;2;3;3;3;4;4;4;3;4;2;2;3;3;3;3;3;4;3;3;3;4;3;3;4;3;4;2;4;1;"<p>I felt like it had the proper mixture of recommendations comparing the other two</p>";2;"<p>It was completely unorganised</p>";"<p>Only the voice over in the video if it was audible</p>";"";"<p>Sort of, Yes.</p>";"<p>Consideration may be done&nbsp;</p>";4;4;3;"<p>No</p>";"";"";0;0;0;1;0
2020-05-12 18:24:33;2020-05-12 18:07:40;1012,846;"";2;3;6;"";13;"";3;4;2;2;5;1;2;"";1;1;0;0;0;0;0;0;0;0;0;0;1;0;0;"";5;4;4;4;;;;;1;1;1;0;0;0;1;0;1;0;0;0;0;0;0;0;0;4;5;4;4;5;1;1;2;4;1;2;4;2;1;2;1;4;5;1;3;5;1;5;2;1;3;1;5;3;2;2;4;5;2;4;5;4;4;4;1;1;1;"<p>The song recommendation&nbsp;interface flow with the UI of the whole App</p>";2;"<p>there is no communication between the interface</p>";"<p>I like that some of the recommendations show the state of mind&nbsp;each listener.</p>";"<p>I would definitely change the interface of option 2 to all black.</p>";"<p>In a way, Yes.</p>";"<p>It is a&nbsp;good way to recommend music to people.</p>";5;4;3;"<p>NO</p>";"";"<p>no comment</p>";0;0;0;1;0
;;;"";;;;"";;"";;;;;;;;"";0;0;0;0;0;0;0;0;0;0;0;0;0;0;0;"";;;;;;;;;0;0;0;0;0;0;0;0;0;0;0;0;0;0;0;0;0;;;;;;;;;;;;;;;;;;;;;;;;;;;;;;;;;;;;;;;;;;;"";;"";"";"";"";"";;;;"";"";"";0;1;0;0;0
2020-05-12 17:58:56;2020-05-12 17:52:19;397,116;"";2;2;4;"";4;"";4;4;3;4;4;1;6;"";1;0;0;0;0;0;0;0;0;0;1;0;1;0;0;"";3;3;3;3;;;;;0;1;0;1;0;1;0;0;0;0;0;1;0;1;1;0;0;2;3;3;3;2;2;2;3;3;3;3;3;3;3;2;2;2;3;2;3;3;3;2;3;2;3;3;3;3;3;3;3;4;2;3;4;3;3;3;4;3;1;"<p>Simple</p>";3;"<p>&nbsp;complex</p>";"<p>Orderly and color</p>";"";"<p>Yes</p>";"<p>For Research</p>";3;3;3;"<p>No</p>";"";"";0;0;0;1;0
2020-05-12 19:06:28;2020-05-12 18:52:32;836,226;"";1;2;6;"";1;"";4;5;4;5;4;2;1;"";0;0;1;0;1;1;0;0;0;0;1;0;0;1;0;"";;;;;4;4;3;5;0;1;0;1;0;0;0;0;1;0;0;0;0;0;0;0;0;4;3;4;4;4;4;4;3;3;4;2;3;4;4;4;3;4;4;5;4;4;4;4;5;3;3;5;3;3;3;5;4;4;4;5;4;4;3;4;4;4;2;"<p>THE SECOND INTERFACE SHOWS THE EXPLANATION CLEARLY AND MUCH BETTER TO UNDERSTAND.</p>";1;"<p>THE FIRST INTERFACE DOES NOT COMPLETELY EXPLAINED THE VIDEO FULFILLED.</p>";"<p>THE INTERFACE 3 SHOWS THE EXPLANATION CLEARED.</p>";"<p>THE CHANGES CAN ALTERED ONE BY ONE IN THE INTERFACES.</p>";"<p>YES. IT&nbsp;IS HELPFUL</p>";"<p>THE EXPLANATIONS ARE BETTER TO UNDERSTAND.</p>";4;5;4;"<p>YES IMPORTANT&nbsp;</p>";"<p>GOOD</p>";"<p>INTERESTING ONE</p>";0;0;0;1;0
2020-05-12 19:47:57;2020-05-12 19:41:12;405,29;"";2;2;6;"";11;"";4;3;5;5;4;1;1;"";1;1;1;0;0;0;0;0;0;0;0;0;0;0;0;"";5;4;5;4;;;;;0;0;1;0;0;0;1;1;0;1;0;0;1;0;0;0;0;4;5;4;3;4;3;4;4;4;4;3;5;4;3;5;4;4;5;5;4;5;4;3;4;4;3;5;5;4;4;4;4;4;5;4;5;3;3;5;2;4;2;"<p>GOOD</p>";1;"<p>NICE</p>";"<p>VERY INTERESTING</p>";"<p>GOOD&nbsp;</p>";"<p>NICE ONE</p>";"<p>INTERESTING</p>";5;4;4;"<p>PERFECT ONE</p>";"<p>GOOD</p>";"<p>NICE</p>";0;0;0;1;0
2020-05-12 18:54:03;2020-05-12 18:38:36;926,71;"";1;2;6;"";6;"";2;4;4;4;4;1;6;"";0;0;0;0;0;0;0;1;0;0;1;0;0;1;0;"";4;4;4;5;;;;;1;1;1;0;1;0;1;1;1;1;0;0;0;1;0;0;0;4;2;2;2;3;3;4;2;2;2;4;2;2;4;4;2;4;2;4;4;5;2;3;2;4;3;4;4;5;1;5;4;4;1;5;1;5;1;5;2;5;3;"<p>I love the graphical illustration of the interface and the why caption makes it more intuitive and facilitates ease of use</p>";1;"<p>It isn&#39;t very intuitive and takes sometime to comprehend how to use it&nbsp;</p>";"<p>I love the graphical(chart) illustration of user interface 3, The dark theme is also appealing.For user interface 2 the white theme for recommendation seems to contrast with the default dark theme&nbsp;</p>";"";"<p>It was kind of helpful and gives you prior insight on the feel of the music and serves as some sort of arousal&nbsp;</p>";"<p>I feel it is very innovative and makes the software product more appreciable&nbsp;</p>";4;5;5;"<p>No</p>";"";"";0;0;0;1;0
2020-05-12 22:46:48;2020-05-12 22:36:51;597,62;"";1;4;6;"";6;"";2;4;4;4;3;2;1;"";0;1;0;1;1;0;1;0;0;0;1;0;0;1;0;"";;;;;4;4;4;2;0;0;0;0;1;0;1;0;0;0;1;0;0;0;0;0;0;2;4;3;4;2;5;2;4;3;4;3;4;4;3;4;2;4;4;2;4;3;4;3;2;4;3;4;2;4;3;4;4;4;4;4;4;2;3;4;2;4;2;"<p>the white box is easier to read&nbsp;</p>";3;"<p>i dont like black on black</p>";"<p>interface 2 provides list and percentage</p>";"";"<p>yes, some i would not even have known that those songs feature that type of mood</p>";"<p>i think it&#39;s cool.&nbsp; i get moody listening to music and would help me to be in certain moods by going with the recommendations</p>";4;4;4;"<p>yes, i like how it uses mood to recommend</p>";"";"";0;0;0;1;0
2020-05-12 18:37:37;2020-05-12 18:23:01;875,364;"";2;2;6;"";13;"";1;5;5;5;5;1;1;"";0;0;1;0;0;0;0;1;0;0;1;0;0;0;0;"";4;5;4;4;;;;;0;0;1;0;1;0;1;1;0;1;0;1;0;0;0;0;0;4;3;3;3;2;2;3;3;3;2;4;2;3;4;5;1;5;2;4;1;4;1;5;1;5;3;5;4;5;1;5;2;4;1;5;2;5;1;5;2;5;3;"<p>I like this design the most because it is the best to look at, the information is presented clearly and an easily understood manner, and the information provided is easy to glance at quickly to obtain the necessary information.</p>";1;"<p>I dislike this the most because the recommendation is not clear, it is hard to understand, and the design is not appealing.</p>";"<p>I like how they present the information in a way that is clear and easy to understand at a quick glance.</p>";"";"<p>Yes it was helpful because it explained and compared how the songs are similar and why it was recommended.</p>";"<p>I think it is a good tool for people who are interested in music that is similar to the songs that they like. They can use it to quickly identify songs that have the similar moods to the songs that they like.</p>";5;4;5;"<p>No It has not changed.</p>";"";"";0;0;0;1;0
2020-05-12 18:48:10;2020-05-12 18:38:39;571,286;"";1;3;2;"";10;"freelance";2;4;5;5;4;1;1;"";0;0;0;1;0;0;0;0;0;0;1;0;0;1;0;"";3;4;4;5;;;;;0;1;0;1;1;0;1;1;0;1;1;0;0;1;0;0;0;4;2;1;2;1;2;4;2;3;2;4;3;2;4;5;1;4;1;5;2;5;2;4;2;5;3;4;4;5;1;4;1;4;1;5;2;5;1;4;2;4;3;"<p>I like the percentages on Interface 2 but I think the design and looks are better on Interface 3.</p>";1;"<p>Because I don&#39;t think it tells me anything.</p>";"<p>I like how it gives percentage about the feelings the most. And there&#39;s nothing I like the least except that interface 1 doesn&#39;t tell me anything.</p>";"<p>No.</p>";"<p>Yes very.</p>";"<p>I love the idea and would definitely use them.</p>";4;4;5;"<p>A little bit.</p>";"";"";0;0;0;1;0
2020-05-12 19:37:24;2020-05-12 19:29:48;456,21;"";1;2;9;"Associate's Degree";9;"";1;5;4;5;1;1;3;"";0;0;0;0;0;0;0;0;0;0;0;0;0;1;0;"";3;4;2;4;;;;;0;0;1;0;1;0;0;0;0;1;1;1;0;0;0;0;0;1;5;1;2;1;2;1;1;1;5;4;1;1;1;5;1;5;1;5;1;5;1;5;1;5;3;5;1;5;4;4;4;5;1;5;1;5;2;4;2;4;2;"<p>I think there&#39;s a good balance between too little explanation and too much.</p>";1;"<p>I don&#39;t believe there is enough information to advise as to why the recommended songs are suggested.</p>";"<p>I like that there is a wide range of information as to how the songs are recommended. I dislike nothing about the recommendation explanations.</p>";"";"<p>yes!</p>";"<p>I am favorable</p>";5;5;4;"<p>not sure- I definitely believe it is important now.</p>";"";"";0;0;0;1;0
2020-05-12 18:11:13;2020-05-12 17:42:34;1719,576;"";1;2;6;"";8;"";3;3;4;3;4;1;1;"";0;0;0;0;1;1;0;1;0;0;0;0;0;0;0;"";3;3;4;4;;;;;1;1;0;1;0;0;0;0;0;0;0;0;0;0;0;0;0;4;3;5;4;4;3;3;3;3;3;3;4;3;3;4;3;4;3;5;3;4;4;3;3;4;3;4;4;4;3;3;3;4;4;3;3;4;4;3;2;3;1;"<p>The sunrise&nbsp;in mind is peace full&nbsp;</p>";2;"<p>The list of all songs&nbsp;</p>";"<p>The songs is verse to other songs</p>";"";"<p>This is help full for mood change it</p>";"<p>The survey about music&nbsp;</p>";3;4;3;"<p>Not do pre survey&nbsp;</p>";"";"";0;0;0;1;0
;;;"";;;;"";;"";;;;;;;;"";0;0;0;0;0;0;0;0;0;0;0;0;0;0;0;"";;;;;;;;;0;0;0;0;0;0;0;0;0;0;0;0;0;0;0;0;0;;;;;;;;;;;;;;;;;;;;;;;;;;;;;;;;;;;;;;;;;;;"";;"";"";"";"";"";;;;"";"";"";0;1;0;0;0
2020-05-12 18:36:21;2020-05-12 18:27:04;557,067;"";2;1;4;"";3;"";4;5;5;5;5;1;1;"";0;0;0;0;0;0;0;1;0;0;1;0;1;0;0;"";3;4;4;4;;;;;1;0;0;0;0;0;1;0;1;0;0;1;0;1;0;0;0;2;3;2;2;1;2;4;2;1;3;3;3;2;2;4;2;4;2;5;2;4;3;4;4;4;3;4;2;3;3;4;2;4;2;3;4;3;3;3;2;4;2;"<p>It gives you the analytical breakdown on why it is recommended. It doesn&#39;t waste your time with glitz and glamour since it&#39;s info you went out of your way to inquire about I like it straightforward.</p>";1;"<p>Having no explanation button at all.&nbsp;</p>";"<p>I like how descriptive the categories are. What i like least is I want the recommended section to show more music from different artists that aren&#39;t in the playlist already or directly related to the artists in the playlist because the user tends to already know that music and chose not to put it in the playlist.&nbsp;</p>";"";"<p>Yes I believe so.</p>";"<p>I would love to see that implemented into my spotify app.</p>";5;5;4;"<p>No because it was always important to me.</p>";"";"";0;0;0;1;0
;;;"";;;;"";;"";;;;;;;;"";0;0;0;0;0;0;0;0;0;0;0;0;0;0;0;"";;;;;;;;;0;0;0;0;0;0;0;0;0;0;0;0;0;0;0;0;0;;;;;;;;;;;;;;;;;;;;;;;;;;;;;;;;;;;;;;;;;;;"";;"";"";"";"";"";;;;"";"";"";0;1;0;0;0
;;;"";;;;"";;"";;;;;;;;"";0;0;0;0;0;0;0;0;0;0;0;0;0;0;0;"";;;;;;;;;0;0;0;0;0;0;0;0;0;0;0;0;0;0;0;0;0;;;;;;;;;;;;;;;;;;;;;;;;;;;;;;;;;;;;;;;;;;;"";;"";"";"";"";"";;;;"";"";"";0;1;0;0;0
2020-05-12 18:45:11;2020-05-12 18:35:01;610,273;"";2;3;6;"";8;"";3;4;3;2;3;1;6;"";0;1;0;0;0;0;0;0;0;0;0;0;0;0;0;"";3;4;4;3;;;;;0;1;0;0;0;0;0;0;1;0;0;1;0;0;0;0;0;3;4;4;3;4;2;5;3;4;4;3;5;4;5;5;4;4;3;3;4;3;2;4;4;3;4;4;4;4;2;3;3;5;4;3;3;4;3;2;5;3;2;"<p>design</p>";1;"<p>quality is must for anythink</p>";"<p>the valuble price</p>";"<p>reqoirments</p>";"<p>cost</p>";"<p>quality</p>";3;4;3;"<p>durable</p>";"<p>quality</p>";"<p>storage</p>";0;0;0;1;0
2020-05-12 17:50:03;2020-05-12 17:40:58;544,653;"";2;5;6;"";8;"";5;4;5;4;5;1;6;"";0;0;0;0;0;0;0;0;1;0;1;0;0;1;0;"";5;4;5;4;;;;;0;0;1;0;0;1;1;0;1;0;1;0;0;0;0;0;0;5;3;4;4;3;3;5;4;5;4;5;4;4;4;4;5;3;3;5;4;4;4;4;4;5;3;5;5;3;4;5;4;3;4;5;5;3;4;4;2;4;1;"<p>THE DESIGN AND PLAYLIST IS MORE QUALITY&nbsp;&nbsp;</p>";3;"<p>I WAS IRRITATE TO SEE THIS DESIGN&nbsp;</p>";"<p>THE INTERFACE 1 IS MOST LIKE TO MY POINT OF ABOVE THE DESIGNING&nbsp;</p>";"";"<p>THE MOOD BASED EXPLAIN IS VERY HELPFUL&nbsp;</p>";"<p>MORE LIKELY IN THIS SURVEY OF RECOMMENDATION&nbsp;</p>";4;5;5;"<p>NO, MY OPINION IS FINAL ANSWER</p>";"<p>NONE</p>";"<p>NONE</p>";0;0;0;1;0
2020-05-12 18:45:57;2020-05-12 18:37:49;487,993;"";2;2;4;"";6;"";1;5;5;5;5;1;1;"";0;0;0;0;0;0;0;1;0;0;1;0;0;0;0;"";4;5;2;2;;;;;0;0;0;0;0;0;0;0;1;1;1;0;0;0;0;0;0;1;2;2;2;4;2;5;2;4;4;2;2;2;2;4;2;4;2;4;1;4;2;4;2;4;3;4;2;4;2;4;2;4;1;4;1;4;2;4;2;4;3;"<p>It has more info than 1 and looks better than 2.</p>";2;"<p>It has too much green and grey.&nbsp;</p>";"<p>I guess I just like that it tells us why the songs are recommended instead of how it usually is.&nbsp;</p>";"<p>Not that I can think of.&nbsp;</p>";"<p>Yes, a little.</p>";"<p>I doubt I would use it much, to be honest. I would still just listen to the first like 20 seconds of a song to see if I like it, regardless if it matched the mood of a different one</p>";5;5;2;"<p>Nope.</p>";"<p>I do not.</p>";"<p>Thanks!</p>";0;0;0;1;0
2020-05-12 19:23:07;2020-05-12 19:10:54;732,733;"";2;4;4;"";8;"";1;5;5;5;5;1;1;"";0;1;0;0;0;0;1;0;1;0;0;0;0;1;1;"anime";4;4;3;3;;;;;0;0;0;0;1;0;0;0;0;1;1;0;0;0;0;0;0;3;4;2;4;2;3;2;3;2;3;2;3;4;3;2;5;2;5;3;4;1;4;2;4;1;3;2;3;2;5;2;5;3;5;2;4;2;2;1;2;2;1;"<p>because it&#39;s simple and makes sense.</p>";2;"<p>i dislike interface 2 and 3 equally.</p><p>The other 2 interfaces offer subjective reasons for recommendations that appear to be completely arbitrary and, frankly, stupid</p>";"<p>The first one is clean and simple. 2 and 3 look like something some marketing intern dreamed up to &quot;appeal to a younger crown&quot; based on feelings and emotions.</p>";"<p>I&#39;d make the lower portion that&#39;s unrelated to recommendations collapsable.</p>";"<p>no, absolutely not.</p>";"<p>I think it&#39;s dumb and meant to appeal to the worst possible type of music listener.</p>";4;3;3;"<p>if anything i distrust recommendations even more now.</p>";"";"";0;0;0;1;0
2020-05-12 17:53:18;2020-05-12 17:39:38;819,8;"";1;2;6;"";6;"";4;5;5;5;4;1;6;"";1;0;0;0;0;0;0;0;0;0;0;1;0;0;0;"";5;4;5;5;;;;;1;1;1;0;1;0;1;0;1;0;0;0;0;0;0;0;0;5;5;1;4;4;4;1;5;4;5;2;4;5;5;5;1;4;4;5;1;5;4;5;2;5;3;5;5;5;1;4;4;4;1;5;2;4;1;4;2;5;3;"<p>This design has some nice and attractive features.</p>";2;"<p>It&#39;s a little complicated and stressful to comprehend.</p>";"<p>I like the fluid like quantity measurements of the feels of the music. I don&#39;t like the of percentage used to quantify the degree of contents.</p>";"";"<p>It feels good knowing to expect.</p>";"<p>I would really love to give it a try.</p>";5;5;5;"<p>No</p>";"";"";0;0;0;1;0
2020-05-12 19:25:14;2020-05-12 19:05:24;1189,927;"";2;2;6;"";11;"";4;4;3;3;4;1;6;"";0;0;0;0;0;1;0;1;0;0;0;0;0;0;0;"";3;4;4;3;;;;;0;1;0;0;0;0;0;0;0;0;0;0;0;0;0;0;0;4;3;4;3;5;4;3;4;4;2;3;3;4;4;2;3;2;4;4;4;3;3;3;3;4;3;4;2;3;3;3;4;3;4;4;4;3;2;2;3;3;2;"<p>its very interesting&nbsp;</p>";1;"<p>its good&nbsp;</p>";"<p>no</p>";"<p>nice</p>";"<p>interest</p>";"<p>awesome&nbsp;</p>";4;3;4;"<p>its good&nbsp;</p>";"<p>nice</p>";"<p>good&nbsp;</p>";0;0;0;1;0
;2020-05-12 17:35:51;;"";2;5;6;"";8;"";3;4;4;5;5;1;2;"";0;0;0;0;0;1;0;0;0;0;1;0;0;1;0;"";4;4;3;5;;;;;0;0;1;0;0;0;1;0;1;0;0;0;0;1;0;0;0;4;5;4;3;5;4;3;4;5;4;5;5;4;4;5;4;3;4;4;5;3;4;4;5;5;3;5;4;5;5;3;5;4;4;5;5;4;4;4;2;4;;"";;"";"";"";"";"";;;;"";"";"";0;0;1;0;0
2020-05-12 18:11:48;2020-05-12 18:04:10;457,503;"";1;2;6;"";6;"";1;4;4;4;4;1;6;"";0;0;0;1;0;0;0;0;0;0;1;0;1;0;0;"";4;4;4;4;;;;;0;1;0;0;0;1;1;1;0;0;0;0;0;0;0;0;0;4;4;1;4;1;3;2;4;2;3;2;4;4;4;4;2;4;2;4;1;4;2;4;1;4;3;4;4;4;2;4;1;4;2;4;4;3;1;3;2;4;2;"<p>It gives the best recommendation explanation&nbsp;without going into too much detail</p>";1;"<p>It is confusing and does not help me understand its reasoning for what they recommend.</p>";"<p>I like how it goes into detail of why it is recommended. I think what I like the least is the design and how cluttered it can look.</p>";"<p>less detail on one page and spread out more.</p>";"<p>Not really. I think it is just extra for the customer.</p>";"<p>I think it is unnecessary.&nbsp;</p>";4;4;4;"<p>I think my opinion has stayed the same</p>";"<p>no other suggestions</p>";"<p>it was fun thanks so much</p>";0;0;0;1;0
;;;"";;;;"";;"";;;;;;;;"";0;0;0;0;0;0;0;0;0;0;0;0;0;0;0;"";;;;;;;;;0;0;0;0;0;0;0;0;0;0;0;0;0;0;0;0;0;;;;;;;;;;;;;;;;;;;;;;;;;;;;;;;;;;;;;;;;;;;"";;"";"";"";"";"";;;;"";"";"";0;1;0;0;0
2020-05-12 20:54:06;2020-05-12 20:35:24;1121,32;"";2;2;6;"";8;"";4;3;4;4;4;1;1;"";0;0;0;0;1;0;0;1;0;0;0;0;0;1;0;"";4;4;4;5;;;;;0;1;0;0;1;0;0;1;1;0;0;0;0;0;0;0;0;4;5;4;4;4;4;3;4;3;5;2;4;4;4;4;3;4;5;4;4;4;4;5;4;4;3;5;4;3;3;4;5;4;3;4;4;4;3;4;4;3;3;"<p>It&#39;s&nbsp; most&nbsp; attractive preference for me&nbsp;</p>";1;"<p>It&#39;s my personal&nbsp; opinion&nbsp;&nbsp;</p>";"<p>Incase it&#39;s add to more details.it&#39;s much better than others</p>";"";"<p>YES (90)</p>";"<p>It&#39;s calm and peaceful mindset&nbsp;</p>";4;4;3;"<p>No&nbsp;</p>";"";"<p>Nice interface survey&nbsp;</p>";0;0;0;1;0
2020-05-12 17:43:57;2020-05-12 17:36:00;477,58;"";2;2;6;"";8;"";4;4;3;3;2;1;2;"";0;0;1;0;0;0;0;0;0;0;0;0;0;0;0;"";4;5;4;3;;;;;0;0;1;0;0;1;0;0;1;0;0;0;0;0;0;0;0;3;4;4;4;4;4;3;5;3;3;5;4;4;4;3;5;4;4;4;5;5;3;4;4;4;3;5;4;3;3;3;4;4;3;4;2;3;2;3;2;2;2;"<p>Nice</p>";2;"<p>Nice</p>";"<p>Nice</p>";"<p>Nice</p>";"<p>Nice</p>";"<p>Nice</p>";4;3;3;"<p>Nice</p>";"<p>Nice</p>";"<p>Nice</p>";0;0;0;1;0
;;;"";;;;"";;"";;;;;;;;"";0;0;0;0;0;0;0;0;0;0;0;0;0;0;0;"";;;;;;;;;0;0;0;0;0;0;0;0;0;0;0;0;0;0;0;0;0;;;;;;;;;;;;;;;;;;;;;;;;;;;;;;;;;;;;;;;;;;;"";;"";"";"";"";"";;;;"";"";"";0;1;0;0;0
;2020-05-12 18:16:40;;"";1;3;7;"";11;"";4;4;5;5;4;1;3;"";0;0;1;0;0;0;0;0;0;0;0;0;0;0;0;"";5;4;4;5;;;;;1;0;0;0;0;0;0;0;0;0;0;0;0;0;0;0;0;;;;;;;;;;;;;;;;;;;;;;;;;;;;;;;;;;;;;;;;;;;"";;"";"";"";"";"";;;;"";"";"";0;0;1;0;0
2020-05-12 18:30:01;2020-05-12 18:16:58;782,917;"";1;2;6;"";11;"";3;3;4;4;4;1;1;"";0;0;0;0;1;0;0;1;0;0;0;0;0;1;0;"";3;4;4;3;;;;;0;0;1;0;0;1;0;0;1;1;0;1;0;0;0;0;0;3;4;3;4;3;3;4;5;3;4;3;4;4;3;4;2;4;4;4;2;4;3;4;2;3;3;3;3;4;2;4;4;4;2;4;4;4;2;4;2;3;1;"<p>given enough details.</p>";2;"<p>more options</p>";"<p>1</p>";"";"<p>yes</p>";"<p>no</p>";4;4;3;"<p>no</p>";"<p>no</p>";"";0;0;0;1;0
2020-05-12 19:17:36;2020-05-12 19:04:43;772,933;"";2;4;7;"";6;"";2;4;5;4;3;1;1;"";0;0;0;0;0;0;0;0;1;0;1;0;1;0;0;"";3;4;5;4;;;;;0;0;0;0;1;0;0;0;0;0;0;0;0;0;0;0;0;2;1;2;2;1;2;4;2;3;2;2;3;2;3;2;4;3;4;3;4;2;3;2;4;2;3;2;3;4;3;4;2;4;3;3;3;5;1;4;2;4;3;"<p>Interface 3 provides a much clearer explanation as to why I am seeing these particular songs in reference to the song I am listening to.</p>";2;"<p>Interface 2&#39;s popup menu design is too obtrusive for me.</p>";"<p>I like how easy it is to understand the recommendation explanations.&nbsp; However, I don;t like the characteristics they use to find similar songs.</p>";"<p>No</p>";"<p>I didn&#39;t like the mood based recommendations.</p>";"<p>I would rather see recommendations based upon the similarity of the music&nbsp;itself.</p>";4;4;3;"<p>No</p>";"";"";0;0;0;1;0
;;;"";;;;"";;"";;;;;;;;"";0;0;0;0;0;0;0;0;0;0;0;0;0;0;0;"";;;;;;;;;0;0;0;0;0;0;0;0;0;0;0;0;0;0;0;0;0;;;;;;;;;;;;;;;;;;;;;;;;;;;;;;;;;;;;;;;;;;;"";;"";"";"";"";"";;;;"";"";"";0;1;0;0;0
2020-05-12 17:53:16;2020-05-12 17:40:52;743,873;"";2;2;6;"";11;"";4;5;4;5;4;1;6;"";0;0;0;0;0;1;0;0;0;0;0;0;0;0;0;"";4;5;4;5;;;;;0;1;1;0;0;0;1;0;1;0;0;0;0;0;0;0;0;5;4;5;5;5;5;4;4;4;5;4;4;4;4;4;5;5;4;5;5;4;5;5;4;4;3;5;5;5;4;5;4;4;4;4;4;4;5;5;2;5;1;"<p>its good song</p>";2;"<p>its good song</p>";"<p>its good song</p>";"<p>its good song</p>";"<p>its good song</p>";"<p>its good song</p>";4;5;5;"<p>its good good song</p>";"<p>its good song</p>";"";0;0;0;1;0
2020-05-12 19:09:41;2020-05-12 18:54:31;909,833;"";2;1;6;"";6;"";1;4;4;5;5;1;1;"";0;0;0;0;0;0;0;0;0;0;0;0;1;1;0;"";5;3;5;4;;;;;0;1;1;0;1;0;0;0;0;1;0;0;0;0;0;0;0;2;4;2;4;3;2;2;3;3;4;1;4;4;1;5;2;4;4;4;2;3;2;3;1;4;3;3;2;5;2;4;3;4;1;4;2;5;2;4;2;4;3;"<p>The design is better than the others. I also like the graph and bars used for recommendation. Its a lot easier to understand.</p>";2;"<p>The white background does not matches with the overall layout. I also do not like the percentage. It looks so weird.</p>";"<p>I like the the way it shows why the music is recommended. It helps me understand why certain music is recommend. It might help me to discover new songs, artists.</p>";"<p>It looks very similar to spotify. You might want to change that.</p>";"<p>I do not know exactly. But I liked it. It might help me select the song based on my mood.</p>";"<p>I would definately like it. I hope my youtube music introduces something like this.</p>";5;5;4;"<p>My opinion has not change. It is very important part of music streaming.</p>";"<p>You might want to track the songs the user listen to more often. Their genre, artist and what time of day they listen more. It might be useful make recommendation based on that data.</p>";"<p>I hope this service is added to youtube music.</p>";0;0;0;1;0
