difftime;s_2;s_3;s_6;s_1;s_8;s_4;s_262;s_263;s_259;s_260;s_261;s_257;s_15;s_5;s_21_1;s_21_2;s_21_3;s_21_4;s_21_5;s_21_6;s_21_7;s_21_8;s_21_9;s_21_10;s_21_11;s_21_12;s_21_13;s_21_14;s_21_15;s_7;s_256;s_235;s_236;s_237;s_227;s_228;s_229;s_230;s_24_1;s_24_2;s_24_3;s_24_4;s_24_5;s_24_6;s_24_7;s_24_8;s_24_9;s_24_10;s_24_11;s_24_12;s_24_13;s_24_14;s_24_15;s_24_16;s_24_17;s_159;s_160;s_161;s_164;s_165;s_166;s_167;s_163;s_179;s_170;s_171;s_172;s_173;s_180;s_181;s_182;s_183;s_184;s_185;s_186;s_187;s_188;s_189;s_190;s_191;s_192;s_193;s_194;s_195;s_196;s_197;s_198;s_199;s_200;s_201;s_202;s_203;s_204;s_205;s_206;s_207;s_175;s_135;s_178;s_136;s_71;s_137;s_177;s_240;s_85;s_86;s_97;s_70;s_72;s_73;stato_1;stato_2;stato_3;stato_4;stato_5
1354,917;2;2;6;"";8;"";2;4;4;4;4;1;1;"";0;0;1;0;0;0;0;1;0;0;1;0;0;0;0;"";4;4;4;4;;;;;1;1;1;0;0;0;0;0;1;0;0;0;0;0;0;0;0;5;5;2;5;5;5;2;4;2;4;2;5;5;4;4;4;4;4;4;2;4;2;4;2;4;3;5;4;4;1;4;4;4;2;4;2;4;2;4;2;4;1;"<p>it has a simple design and concept</p>";2;"<p>the design is too complex.</p>";"<p>i love simplicity and i dislike complexity</p>";"";"<p>yeah.</p>";"<p>it is an amazing innovation.it keeps you in a stable mind.</p>";5;5;4;"<p>yeah</p>";"<p>none</p>";"<p>none</p>";0;0;0;1;0
;;;;"";;"";;;;;;;;"";0;0;0;0;0;0;0;0;0;0;0;0;0;0;0;"";;;;;;;;;0;0;0;0;0;0;0;0;0;0;0;0;0;0;0;0;0;;;;;;;;;;;;;;;;;;;;;;;;;;;;;;;;;;;;;;;;;;;"";;"";"";"";"";"";;;;"";"";"";0;1;0;0;0
;;;;"";;"";;;;;;;;"";0;0;0;0;0;0;0;0;0;0;0;0;0;0;0;"";;;;;;;;;0;0;0;0;0;0;0;0;0;0;0;0;0;0;0;0;0;;;;;;;;;;;;;;;;;;;;;;;;;;;;;;;;;;;;;;;;;;;"";;"";"";"";"";"";;;;"";"";"";0;1;0;0;0
303,406;2;1;4;"";8;"";1;3;2;2;1;1;3;"";0;0;0;1;0;0;0;0;0;0;1;0;0;0;0;"";1;3;3;3;;;;;0;0;0;0;0;0;0;1;0;0;0;0;0;0;1;0;0;1;4;2;4;1;1;1;3;1;4;1;4;3;1;5;1;5;1;5;1;5;1;5;1;5;3;3;1;5;1;5;1;5;1;5;1;5;1;5;2;5;2;"<p>It is the easiest to read.</p>";1;"<p>It has no information.</p>";"<p>I like that it shows moods, but it shows too many moods.</p>";"";"<p>Yes</p>";"<p>I think it is a great idea</p>";5;5;5;"<p>not rrsally</p>";"";"";0;0;0;1;0
;;;;"";;"";;;;;;;;"";0;0;0;0;0;0;0;0;0;0;0;0;0;0;0;"";;;;;;;;;0;0;0;0;0;0;0;0;0;0;0;0;0;0;0;0;0;;;;;;;;;;;;;;;;;;;;;;;;;;;;;;;;;;;;;;;;;;;"";;"";"";"";"";"";;;;"";"";"";0;1;0;0;0
;2;2;6;"";11;"";5;4;5;4;4;1;1;"";0;0;1;0;0;0;0;0;0;0;0;0;0;0;0;"";4;4;5;4;;;;;0;1;0;0;0;0;0;0;0;0;0;0;0;0;0;0;0;5;4;4;4;3;4;3;4;5;4;4;4;4;3;4;4;5;4;4;4;3;5;3;4;4;3;4;;;;;;;;;;;;;;;;"";;"";"";"";"";"";;;;"";"";"";0;0;1;0;0
923,703;1;3;4;"";10;"Admnistrative";2;4;4;4;2;1;2;"";0;1;0;0;0;0;0;0;0;1;0;0;0;1;0;"";4;3;5;5;;;;;1;1;0;0;1;0;1;0;1;1;0;1;1;0;0;0;0;3;4;2;4;2;4;2;4;3;4;2;4;4;4;4;2;4;5;4;2;4;3;2;4;3;3;3;4;5;2;4;2;4;2;4;2;5;1;5;2;4;3;"<p>This is the most modern design and also is not visually overwhelming to look at. It fits in with the look of the app and allows me to make a quick comparison without having to put too much thought into it and I can get a fast answer.</p>";2;"<p>It does not look aesthetically pleasing, in fact it clashes with the overall look of the app. I have to think too hard when going back and forth between my playlist and the artist to make a comparison and takes too long to get what should be a quick answer.</p>";"<p>I like that there&#39;s a comparison to work off of so that it the recommendation algorithms make more sense and that I can get an explanation for every song as well.&nbsp;</p>";"<p>I&#39;d like for there to be a feature where the user can filter out certain results that the user doesn&#39;t care about for the algorithm to pick up on, like say &quot;Fear&quot;. That way the algorithm will know it doesn&#39;t need to match those categories the user doesn&#39;t care about as much.</p>";"<p>Yes, but honestly I can listen to sad songs while I&#39;m in a good mood just because I like the melody of the song and it won&#39;t necessarily affect my mood one way or the other. At least it was interesting to see how the algorithm came about its decisions.</p>";"<p>I think moods are nice but I&#39;d like to see more filters like tone of voice, cadence, rhythms and things like that. Most people aren&#39;t actively listening to music all the time, rather it&#39;s in the background, so if music by a certain artist sounds good then what you should be looking for is something that sounds similar stylistically regardless of the mood prognostication.</p>";4;5;5;"<p>If I was able to use this kind&nbsp;of system I might have a better view of recommendations especially as I see very random ones that seem to be more geared to what someone might be pushing, especially when it comes to new music.</p>";"<p>There should be a way for users to be able to tweak the filters to turn on or off the ones that they find most important for the algorithm to work off of and then there would be a more personalized experience.</p>";"<p>I really really love the 3rd Interface and hope that that is going to be in development soon as it is the most exciting one as far as I&#39;m concerned. If you could couple that with filters to be used by users I think it would&nbsp; be the most perfect addition to any app possibly ever, no hyperbole.</p>";0;0;0;1;0
;;;;"";;"";;;;;;;;"";0;0;0;0;0;0;0;0;0;0;0;0;0;0;0;"";;;;;;;;;0;0;0;0;0;0;0;0;0;0;0;0;0;0;0;0;0;;;;;;;;;;;;;;;;;;;;;;;;;;;;;;;;;;;;;;;;;;;"";;"";"";"";"";"";;;;"";"";"";0;1;0;0;0
;;;;"";;"";;;;;;;;"";0;0;0;0;0;0;0;0;0;0;0;0;0;0;0;"";;;;;;;;;0;0;0;0;0;0;0;0;0;0;0;0;0;0;0;0;0;;;;;;;;;;;;;;;;;;;;;;;;;;;;;;;;;;;;;;;;;;;"";;"";"";"";"";"";;;;"";"";"";0;1;0;0;0
513,82;2;5;6;"";8;"";3;4;3;4;3;1;1;"";0;0;0;0;0;1;0;1;1;0;1;0;0;0;0;"";3;3;4;4;;;;;0;0;1;0;0;0;1;0;1;0;0;0;0;0;0;0;0;4;4;4;4;3;4;3;4;3;3;4;3;3;4;2;4;3;3;4;3;4;3;2;2;3;3;4;4;3;2;2;2;4;3;2;3;4;2;3;2;2;2;"<p>BECAUSE THE DESIGN AND THE PERFORMANCE AND OVERALL IT IS TOO GOOD SO I RECOMMEND FOR THAT DESIGN.</p>";1;"<p>BECAUSE I DON&#39;T LIKE IT.</p>";"<p>BECAUSE THE DESIGN AND THE PERFORMANCE AND OVERALL IT IS TOO GOOD SO I RECOMMEND FOR THAT DESIGN. I DO LIKE THE LEAST&nbsp;BECAUSE I DON&#39;T LIKE IT.</p>";"";"<p>YES IT IS VERY HELPFUL OF THE MOOD BASED RECOMMENDATION.</p>";"<p>YES,</p>";3;3;3;"<p>NO.</p>";"";"";0;0;0;1;0
;2;2;6;"";8;"";3;4;4;3;2;2;6;"";0;0;0;0;0;0;0;1;0;0;0;0;0;0;0;"";;;;;4;3;4;3;0;0;0;0;0;0;1;0;0;0;0;0;0;0;0;0;0;;;;;;;;;;;;;;;;;;;;;;;;;;;;;;;;;;;;;;;;;;;"";;"";"";"";"";"";;;;"";"";"";0;0;1;0;0
523,934;1;3;8;"";10;"Publishing";3;4;4;4;4;2;3;"";0;0;0;0;0;0;0;0;0;0;1;0;1;1;0;"";;;;;5;4;4;4;1;0;0;0;0;0;0;1;0;1;0;0;0;0;0;0;0;1;3;2;4;1;4;2;4;2;4;2;4;4;1;2;4;2;5;4;3;3;4;2;4;2;3;3;1;4;2;4;2;4;2;4;2;4;2;3;2;4;3;"<p>I like this recommendation explanation because it gives good details in an attractive way. It is easy to understand.</p>";2;"<p>I don&#39;t like this interface because I think that the design is ugly. I don&#39;t really like how the numbers and percentages look.</p>";"<p>I like that the recommendation explanations are fairly easy to understand. I like that they are trying to give me more information about why a song was picked. I guess I don&#39;t like that the text is small. It could be bigger and easier to see.&nbsp;</p>";"";"<p>Yes, they were helpful. They told me if I wanted to listen to this type of music and feel a certain way about the music.&nbsp;</p>";"<p>I think that using moods is a good idea. It could help me choose the type of music that I want to hear.&nbsp;</p>";4;3;4;"<p>No, my option is still mostly the same. The recommendation explanations matter. They can help me better understand music that I am hearing.&nbsp;</p>";"";"";0;0;0;1;0
;;;;"";;"";;;;;;;;"";0;0;0;0;0;0;0;0;0;0;0;0;0;0;0;"";;;;;;;;;0;0;0;0;0;0;0;0;0;0;0;0;0;0;0;0;0;;;;;;;;;;;;;;;;;;;;;;;;;;;;;;;;;;;;;;;;;;;"";;"";"";"";"";"";;;;"";"";"";0;1;0;0;0
;;;;"";;"";;;;;;;;"";0;0;0;0;0;0;0;0;0;0;0;0;0;0;0;"";;;;;;;;;0;0;0;0;0;0;0;0;0;0;0;0;0;0;0;0;0;;;;;;;;;;;;;;;;;;;;;;;;;;;;;;;;;;;;;;;;;;;"";;"";"";"";"";"";;;;"";"";"";0;1;0;0;0
1284,754;2;2;4;"";3;"";1;5;4;5;5;1;2;"";0;0;0;0;0;0;0;1;0;0;1;0;1;0;0;"";5;5;2;3;;;;;0;0;0;0;1;0;0;1;0;1;0;0;0;0;0;0;0;1;3;3;1;1;1;5;1;3;3;5;1;1;2;4;1;4;1;4;1;4;2;1;5;4;3;4;2;5;1;5;1;5;1;5;1;5;1;5;2;5;3;"<p>From a UI/UX perspective that interface 3 looks a lot more seamless with the black transparent overlay to display the information. Although interface 2 shows the information as well that white overlay is really displeasing to the eye and doesn&#39;t really fit the overall layout of the application. I think using colors in interface 3 to give a contrast to the many different categories as to why the music was recommended is a great touch for the user to be more involved with the data. Overall interface 3 graphic comparison is very simple but gets the purpose to the user as to why the artist/music was recommended to the user.</p>";1;"<p>I disliked this one because it doesn&#39;t give any information to the user as to why this music was recommended. Its very ambiguous and gives no reward to the user as to why they should as this to their current playlist.</p>";"<p>Again I like the color contrast used in interface 3 in order for the user to differentiate the different categories that were used to determine the music to be recommended to them. I like the seamless overly in interface 3 fitting the overall theme of the application. I don&#39;t like the&nbsp;white modal in interface three because its distracting to the overall look of the application even though its displaying data to the user</p>";"<p>I would change the why? button to something more appealing like an icon that conveys to the user to get more information about the recommendations.</p>";"<p>I think mood-based recommendation is helpful for people who are into the type of mood the music they listen to puts them in.&nbsp;</p>";"<p>I think there are far better explanations as to why music was recommended to a user rather than using mood. I feel the mood is only appealing to certain amount of users but maybe finding a better category like music genre might be better for how their music is being aggregated.</p>";5;5;4;"<p>A little bit I feel like I would like the option even if sometimes I don&#39;t really need an explanation.</p>";"";"";0;0;0;1;0
;1;2;2;"";6;"";1;5;5;5;5;1;1;"";0;1;1;1;1;0;0;1;1;1;1;0;0;1;0;"";5;5;5;5;;;;;1;1;1;0;1;1;1;1;1;1;0;1;1;1;0;0;0;5;4;4;4;4;5;5;5;5;5;1;4;5;5;5;1;5;5;5;5;5;5;5;1;5;3;5;5;5;1;5;1;5;1;5;5;5;1;5;2;5;3;"<p>i like the color coding</p>";1;"<p>its basic and plain</p>";"<p>nothing its presented well enough</p>";"";"";"";;;;"";"";"";0;0;1;0;0
;;;;"";;"";;;;;;;;"";0;0;0;0;0;0;0;0;0;0;0;0;0;0;0;"";;;;;;;;;0;0;0;0;0;0;0;0;0;0;0;0;0;0;0;0;0;;;;;;;;;;;;;;;;;;;;;;;;;;;;;;;;;;;;;;;;;;;"";;"";"";"";"";"";;;;"";"";"";0;1;0;0;0
;;;;"";;"";;;;;;;;"";0;0;0;0;0;0;0;0;0;0;0;0;0;0;0;"";;;;;;;;;0;0;0;0;0;0;0;0;0;0;0;0;0;0;0;0;0;;;;;;;;;;;;;;;;;;;;;;;;;;;;;;;;;;;;;;;;;;;"";;"";"";"";"";"";;;;"";"";"";0;1;0;0;0
532,403;1;2;6;"";4;"";1;5;4;4;2;1;1;"";0;0;1;0;1;0;0;0;0;0;1;0;1;1;0;"";4;5;3;1;;;;;1;1;0;0;0;0;1;0;0;1;0;0;0;1;0;0;0;1;4;2;4;1;3;1;3;1;4;1;4;4;3;5;1;5;1;5;1;4;1;5;1;5;3;5;3;5;1;5;1;4;1;4;1;5;1;4;2;5;2;"<p>Interface 2 is easier to compare and contrast.</p>";1;"<p>I like the easy to see visuals instead of reading.</p>";"<p>I like the visuals that show me why it&#39;s recommended.&nbsp; It&#39;s easier to see quickly.</p>";"<p>None</p>";"<p>Cerebral</p>";"<p>I think it&#39;s a good idea, because I usually listen to music based on my mood.</p>";4;5;5;"<p>Nope, I still like the recommendations because I can&#39;t remember every song I like plus it&#39;s a way to learn about new to me songs.</p>";"<p>none</p>";"<p>none</p>";0;0;0;1;0
877,647;1;1;4;"";10;"Art/Creation";1;5;4;5;5;1;2;"";0;0;0;0;0;0;0;0;0;0;1;0;1;0;0;"";4;4;5;4;;;;;0;0;0;0;1;0;0;0;0;1;1;0;0;0;0;0;0;1;5;1;2;1;1;4;2;4;5;1;3;2;1;4;3;3;4;4;2;4;1;2;4;3;3;3;1;4;1;4;1;5;2;4;2;5;1;4;2;4;3;"<p>It is the most aesthetically pleasing interface to look at and it gives me enough information on why the song was recommended.</p>";2;"<p>The white background throws everything off and would be annoying to look at.</p>";"<p>I like how informative the recommendations are and I don&#39;t dislike anything except the white background on interface 2.</p>";"";"<p>Yes, the mood-based recommendation explanations were helpful.</p>";"<p>I think it will be an effective way to engage users and connect them to songs they love or want to hear even more.</p>";5;5;5;"<p>No, I still believe they are important.</p>";"";"";0;0;0;1;0
599,617;2;3;6;"";13;"";3;3;5;4;4;1;2;"";1;0;0;0;0;1;0;1;0;0;0;0;0;0;0;"";4;4;3;1;;;;;1;1;1;1;1;1;1;1;1;0;0;0;0;0;0;0;0;2;5;3;2;3;1;4;1;3;4;4;4;2;2;1;1;3;3;5;5;4;3;5;1;2;3;3;2;4;1;4;5;5;4;3;5;5;4;2;2;2;1;"<p>it is beautiful</p>";1;"<p>i did not</p>";"<p>the songs on the list</p>";"<p>none</p>";"<p>of course yes</p>";"<p>fascinating</p>";3;4;3;"<p>not at all</p>";"<p>none</p>";"<p>this is an interesting survey. thanks</p>";0;0;0;1;0
792,97;1;4;6;"";10;"independent contractor/general clerical worker";2;4;4;4;4;2;4;"";0;0;0;0;0;0;0;0;1;0;1;0;1;0;1;"Christian";;;;;4;4;4;3;0;0;0;0;1;0;1;1;1;1;1;0;0;0;0;0;0;2;4;2;3;2;4;2;4;2;4;2;3;4;2;4;2;4;2;4;2;4;2;4;2;4;3;4;2;2;4;2;4;3;4;3;3;4;3;2;2;2;2;"<p>This design is straightforward and offers a sensible explanation for the recommendation. Also, it is easy to read and comprehend.&nbsp;</p>";1;"<p>It is too simple and does not have a good explanation. Also, there is no color.&nbsp;</p>";"<p>I like it is easy&nbsp;to read. It is fairly clear. I like the least that the explanation is not bolder than the rest of the text. It does not stand out.&nbsp;</p>";"<p>n/a</p>";"<p>I think it was a little useful because it can help choose to listen to songs that fit your mood.&nbsp;</p>";"<p>I think it would be used by patrons. People would pick their mood and the appropriate songs would play.&nbsp;</p>";4;3;3;"<p>No. My opinion is still the same.&nbsp;</p>";"<p>no</p>";"<p>N/A</p>";0;0;0;1;0
443,043;2;4;4;"";11;"";3;5;4;4;5;1;6;"";1;0;0;1;0;1;0;1;0;0;1;1;0;0;0;"";5;4;4;1;;;;;1;0;0;1;1;0;0;1;0;1;0;1;0;0;0;0;0;4;5;2;4;3;3;3;1;4;3;1;2;5;4;3;3;3;4;2;2;3;3;2;1;4;3;3;1;1;4;2;4;3;5;5;3;1;2;3;2;4;1;"<p>classsical</p>";3;"<p>too jampacked</p>";"<p>they are good development ans would attract the right indivduals</p>";"";"<p>yes it was help, as you are allowed to follow simple design</p>";"<p>i think its better for people to see the new interface</p>";5;4;4;"<p>kind of, yes it has changed</p>";"";"";0;0;0;1;0
507,31;2;2;6;"";11;"";4;4;3;3;3;1;1;"";0;0;0;1;0;0;0;0;1;0;1;0;0;0;0;"";4;3;4;3;;;;;0;0;1;0;1;0;0;0;0;0;0;1;0;0;0;0;0;4;3;4;3;3;3;3;4;4;4;2;3;4;4;4;2;4;4;3;3;3;3;3;4;3;3;4;3;3;4;2;4;3;3;4;2;4;2;3;2;3;3;"<p>yes because of the displaying method i am well attracted by that.</p>";1;"<p>Its look like usual.</p>";"<p>Both is appearance of the app.</p>";"";"<p>yes.</p>";"<p>Because based on my mood i will hear the songs as well</p>";5;5;4;"<p>yes it slightly changed now.</p>";"";"";0;0;0;1;0
;2;3;7;"";8;"";;;;;;;;"";0;0;0;0;0;0;0;0;0;0;0;0;0;0;0;"";;;;;;;;;0;0;0;0;0;0;0;0;0;0;0;0;0;0;0;0;0;;;;;;;;;;;;;;;;;;;;;;;;;;;;;;;;;;;;;;;;;;;"";;"";"";"";"";"";;;;"";"";"";0;0;1;0;0
;2;2;6;"";8;"";4;5;4;4;4;1;1;"";0;0;1;0;0;0;0;0;0;0;0;0;1;1;0;"";4;4;3;4;;;;;0;1;1;0;1;0;1;0;1;0;0;0;0;0;0;0;0;;;;;;;;;;;;;;;;;;;;;;;;;;;;;;;;;;;;;;;;;;;"";;"";"";"";"";"";;;;"";"";"";0;0;1;0;0
1751,15;1;3;6;"";13;"";1;5;4;4;4;1;6;"";0;1;0;1;0;1;0;0;0;0;0;0;0;1;0;"";4;2;5;4;;;;;0;0;0;0;1;0;1;0;0;1;0;0;0;0;0;0;0;1;3;3;2;2;2;3;3;3;4;2;2;2;1;4;1;4;1;4;1;3;1;4;2;4;3;4;1;4;1;4;1;5;5;4;1;4;1;5;2;4;3;"<p>It the colored bars more pleasing to looks at.</p>";1;"<p>It doesn&#39;t really tell me why something was recommended.</p>";"<p>I like the breakdown of why something was recommended.&nbsp; I don&#39;t think all of the reasons are needed as most people won&#39;t understand or care about them.</p>";"<p>no</p>";"<p>Not to me because I don&#39;t really think about something like that.&nbsp; If I were wanting to change my mood, then it might be a nice thing to have.</p>";"<p>It is a good idea in certain situations but not something that I am interested in all of the time.</p>";5;4;4;"<p>not at all.</p>";"<p>no</p>";"";0;0;0;1;0
;;;;"";;"";;;;;;;;"";0;0;0;0;0;0;0;0;0;0;0;0;0;0;0;"";;;;;;;;;0;0;0;0;0;0;0;0;0;0;0;0;0;0;0;0;0;;;;;;;;;;;;;;;;;;;;;;;;;;;;;;;;;;;;;;;;;;;"";;"";"";"";"";"";;;;"";"";"";0;1;0;0;0
297,243;2;5;4;"";11;"";3;4;5;4;3;3;1;"";0;0;0;0;0;0;0;0;0;0;1;0;0;0;0;"";;;;;;;;;0;0;0;0;0;0;0;0;0;0;0;0;0;0;0;0;0;2;1;2;3;4;5;3;2;5;2;4;3;5;5;5;2;5;5;3;3;3;2;2;5;2;3;3;3;1;5;5;5;2;5;5;5;2;5;4;2;3;1;"<p>no</p>";2;"<p>smooth</p>";"<p>yes</p>";"<p>yes</p>";"<p>no</p>";"<p>best</p>";5;4;4;"<p>work</p>";"<p>yes</p>";"";0;0;0;1;0
543,42;2;5;6;"";8;"";2;4;4;3;3;1;3;"";0;0;0;0;0;0;0;0;0;0;1;0;0;0;0;"";3;3;4;5;;;;;0;0;1;0;0;0;1;0;0;1;0;0;1;1;0;0;0;1;2;3;1;1;1;4;1;3;2;5;1;1;1;3;5;2;4;3;2;3;2;1;4;2;3;2;1;5;1;4;2;4;1;4;2;4;2;5;2;4;3;"<p>It is easy to understand at a glance and doesn&#39;t require me to compare a long list of&nbsp;numbers.</p>";1;"<p>I don&#39;t see any information about why these songs are recommended.&nbsp;</p>";"<p>I like the colors and at-a-glance convenience of #3, #1 is essentially useless and #2 too hard to use.</p>";"<p>Nope.</p>";"<p>I can&#39;t say for sure without experiencing them, but I&#39;ll give it the benefit of the doubt until proven otherwise.</p>";"<p>Sure, I&#39;m willing to give it a try.</p>";4;3;4;"<p>I would say slightly more important. I&#39;ll explore this area more.</p>";"";"";0;0;0;1;0
830,98;1;4;8;"";8;"";1;5;5;5;5;1;1;"";1;1;0;0;0;0;0;1;0;0;0;0;0;0;0;"";5;5;5;5;;;;;0;0;0;0;1;0;1;0;0;0;0;0;0;1;0;0;0;3;4;1;5;3;5;1;5;2;5;2;5;5;3;4;1;5;3;4;1;5;2;5;1;5;3;5;5;4;1;4;3;4;1;4;1;4;1;5;2;4;2;"<p>it is more concise</p>";3;"<p>very easy to understand</p>";"<p>i like the interface of the recommendation explanations. There is nothing i dislike</p>";"";"<p>yes, very helpful</p>";"<p>using moods is a very good way of making one enjoy music the more</p>";5;4;5;"<p>no my opinion did not change</p>";"";"";0;0;0;1;0
419,033;2;3;6;"";13;"";4;4;3;3;3;1;1;"";0;1;1;0;0;0;0;1;0;1;0;0;0;0;0;"";5;3;3;3;;;;;0;0;1;1;0;1;0;0;0;0;0;0;0;0;0;0;0;4;5;4;2;3;3;4;3;3;3;4;4;3;4;5;3;2;3;3;4;3;4;4;3;5;3;3;5;4;3;5;3;4;4;3;4;5;4;3;2;4;1;"<p>song reccomadatiom</p>";2;"<p>not like that</p>";"<p>at least at all</p>";"";"<p>is it helpfull</p>";"<p>it is good for analysis</p>";3;3;4;"<p>no not like that</p>";"";"";0;0;0;1;0
;;;;"";;"";;;;;;;;"";0;0;0;0;0;0;0;0;0;0;0;0;0;0;0;"";;;;;;;;;0;0;0;0;0;0;0;0;0;0;0;0;0;0;0;0;0;;;;;;;;;;;;;;;;;;;;;;;;;;;;;;;;;;;;;;;;;;;"";;"";"";"";"";"";;;;"";"";"";0;1;0;0;0
;2;2;6;"";10;"manufacturing";4;4;4;5;5;1;2;"";1;0;0;1;0;0;1;0;1;0;0;1;1;0;0;"";3;4;4;1;;;;;0;1;1;0;1;0;1;1;0;0;0;1;0;0;0;0;0;4;1;4;1;4;2;3;5;1;2;2;4;5;4;2;5;2;2;5;4;3;2;4;1;4;3;3;1;2;2;1;3;3;2;1;3;5;3;3;2;3;;"";;"";"";"";"";"";;;;"";"";"";0;0;1;0;0
351,21;2;3;6;"";11;"";4;3;2;2;4;1;6;"";1;0;1;0;0;0;0;1;0;0;0;0;0;0;0;"";5;2;4;4;;;;;0;0;0;1;0;1;0;0;0;0;0;0;0;0;0;0;0;2;3;3;1;5;5;5;5;5;2;4;3;5;4;4;5;5;5;3;2;4;3;5;2;3;3;2;3;4;2;5;3;4;2;3;5;5;5;5;2;5;3;"<p>i love the concept</p>";1;"<p>the package is not legit</p>";"<p>it was easy to use</p>";"";"<p>it was helpful</p>";"<p>it was an amazing survey</p>";4;3;4;"<p>no</p>";"<p>no</p>";"";0;0;0;1;0
664,113;1;5;4;"";9;"";2;4;3;4;4;2;4;"";0;0;0;0;0;0;0;0;1;0;1;0;0;1;0;"";;;;;4;4;2;2;0;0;0;0;0;0;0;0;0;0;0;0;0;0;1;0;0;2;3;2;3;2;4;2;3;2;4;2;4;4;2;4;2;4;2;4;2;4;2;4;2;4;3;4;3;4;2;4;2;4;2;4;2;4;2;4;2;4;1;"<p>easier to understand and read. not too much crowded wording or complicated</p>";3;"<p>too many colors and too much information make it confusing to read and try to figure out</p>";"<p>not too much information to read and try to figure out</p>";"<p>looks good</p>";"<p>it helped me understand what they were looking at&nbsp;</p>";"<p>too confusing and uninteresting and unnecessary .</p>";5;5;3;"<p>no</p>";"<p>no</p>";"";0;0;0;1;0
;;;;"";;"";;;;;;;;"";0;0;0;0;0;0;0;0;0;0;0;0;0;0;0;"";;;;;;;;;0;0;0;0;0;0;0;0;0;0;0;0;0;0;0;0;0;;;;;;;;;;;;;;;;;;;;;;;;;;;;;;;;;;;;;;;;;;;"";;"";"";"";"";"";;;;"";"";"";0;1;0;0;0
;2;2;6;"";8;"";4;4;4;5;5;1;6;"";0;0;0;1;0;0;0;1;0;0;0;0;0;0;0;"";4;4;3;3;;;;;0;0;1;0;0;0;1;0;0;0;0;0;0;0;0;0;0;4;3;1;3;1;2;1;3;3;3;1;1;4;4;2;1;2;3;3;2;4;1;3;2;2;1;2;1;3;2;1;2;3;2;4;1;2;2;3;3;2;;"";;"";"";"";"";"";;;;"";"";"";0;0;1;0;0
;;;;"";;"";;;;;;;;"";0;0;0;0;0;0;0;0;0;0;0;0;0;0;0;"";;;;;;;;;0;0;0;0;0;0;0;0;0;0;0;0;0;0;0;0;0;;;;;;;;;;;;;;;;;;;;;;;;;;;;;;;;;;;;;;;;;;;"";;"";"";"";"";"";;;;"";"";"";0;1;0;0;0
797,17;1;3;4;"";11;"";2;4;4;4;4;1;2;"";0;0;0;0;0;0;0;1;0;0;1;0;1;0;0;"";4;4;4;3;;;;;0;0;0;0;1;0;0;1;1;0;1;0;0;0;0;0;0;4;4;2;4;2;4;2;3;2;4;2;4;4;4;4;2;4;3;4;2;4;2;4;2;4;3;4;4;4;2;4;3;4;2;4;2;4;2;4;2;4;1;"<p>because it is simple and short</p>";2;"<p>the background for the recommendation is different</p>";"<p>I like that there are information provided</p><p>I don&#39;t like that the information is too much</p>";"<p>none</p>";"<p>yes</p>";"<p>it would be nice</p>";4;4;4;"<p>no it has not changed</p>";"<p>none</p>";"";0;0;0;1;0
;;;;"";;"";;;;;;;;"";0;0;0;0;0;0;0;0;0;0;0;0;0;0;0;"";;;;;;;;;0;0;0;0;0;0;0;0;0;0;0;0;0;0;0;0;0;;;;;;;;;;;;;;;;;;;;;;;;;;;;;;;;;;;;;;;;;;;"";;"";"";"";"";"";;;;"";"";"";0;1;0;0;0
;;;;"";;"";;;;;;;;"";0;0;0;0;0;0;0;0;0;0;0;0;0;0;0;"";;;;;;;;;0;0;0;0;0;0;0;0;0;0;0;0;0;0;0;0;0;;;;;;;;;;;;;;;;;;;;;;;;;;;;;;;;;;;;;;;;;;;"";;"";"";"";"";"";;;;"";"";"";0;1;0;0;0
838,53;2;2;6;"";10;"Manufacturing";1;5;4;4;4;1;3;"";0;0;0;1;0;0;0;1;1;0;1;0;0;1;0;"";4;4;4;5;;;;;0;1;1;0;1;0;1;0;1;0;0;1;1;0;0;0;0;2;1;1;1;1;1;5;3;5;1;5;1;1;2;4;2;3;2;4;2;4;2;2;3;4;3;3;2;5;1;5;1;5;1;5;1;5;1;5;2;5;3;"<p><span style=""font-size:12px"">I really like the colors that are used for the different moods on the graphs, it really gives the recommendation explanation some personality, since a lot of people use colors to express moods.&nbsp; I also like the bar graphs for the different moods as, at a glance, it is easy to see which moods represent the song and playlist easily.&nbsp; this also makes it easier to compare the different moods which to me is what I am doing when I look at the recommendations.</span></p>";1;"<p>It really is bland and uninformative, it doesnt tell me that the system understands the current playlist I created nor the song that it is recommending me.&nbsp; There really is a lack of information here, and the recommendation is based off of trust for the system.</p>";"<p>I like the bar graphs for easy comparision between moods, and I dislike the percentages because It is difficult to read at a glance.</p>";"<p>I would group the colors of the different moods into similar catagories and give those similar colors to paint more of a picture, like all the slow moods should be shades of blue and all the happy moods should be shades of red.</p>";"<p>Yes they were very helpful! I love it!</p>";"<p>I think I now am wanting that system on my phone right now :)&nbsp; I would be going over all of my playlists and pruning them of music that doesnt fit cause ive come across songs that ive just skipped before and now I have some data to tell me why I might have done that.</p>";5;5;5;"<p>I think my opinion has gotten stronger in favor of music recommendation explinations.</p>";"<p>a customization section that allows you to set the list of moods that are used to determine the playlists would be useful, maybe I dont care how depressing a song is no matter what and I dont want recommendations based off that mood ever.</p>";"<p>This is a really good idea, I am happy that I could be a part of its creation.</p>";0;0;0;1;0
566,66;1;3;6;"";4;"";1;5;5;5;5;1;1;"";0;0;0;0;0;0;0;0;0;0;1;0;0;1;0;"";5;4;5;4;;;;;0;0;0;0;1;0;0;0;0;0;0;0;0;0;0;0;0;1;5;1;5;1;5;1;5;1;5;1;5;5;1;5;5;5;1;5;1;5;1;5;1;5;3;5;1;5;1;5;1;5;1;5;1;5;1;5;2;5;3;"<p>I like that it uses color and the use of meaningful feelings/words to show the connections between songs.</p>";1;"<p>I feel like number one doesn&#39;t give enough information</p>";"<p>I like the use of color in number 3 and I dislike that number one has an uninteresting interface compared to number 3</p>";"";"<p>Yes, I like the mood based recommendations a lot!</p>";"<p>I think this is a great idea and it would help me find songs that I am not already familiar with.</p>";5;5;5;"<p>No, my opinion remains the same.</p>";"";"";0;0;0;1;0
996,81;1;5;4;"";13;"";2;4;4;4;4;2;4;"";0;1;0;0;0;0;0;0;0;0;0;0;0;0;1;"Christian";;;;;2;4;4;4;0;0;0;0;0;0;0;1;0;1;0;0;0;0;0;0;0;2;4;3;4;2;4;2;3;2;4;2;4;4;2;5;1;5;1;5;2;5;1;5;1;5;3;5;2;4;2;3;2;4;4;2;2;3;2;2;2;3;2;"<p>It shows up better against a black screen.</p>";3;"<p>Too much black against black does not show up well.</p>";"<p>I like how it shows why it recommended a song and shows how much it matches your preferences. The one I do not like is the one that has a limited explanation as to why it recommend that song.</p>";"<p>None, you should go with Interface #2 its the best.</p>";"<p>Not really, but I would use it if I was in a bad mood and needed a song to put me in a better mood, only then I would use i t.</p>";"<p>May or not be useful depending on the user of the device.</p>";5;5;4;"<p>It has not changed at all.</p>";"<p>none</p>";"<p>none</p>";0;0;0;1;0
;2;2;6;"";1;"";5;2;3;4;2;1;1;"";0;1;0;1;0;0;0;1;0;0;1;0;0;0;0;"";3;3;4;4;;;;;0;1;0;0;0;0;1;1;0;0;0;1;0;0;0;0;0;4;2;5;2;2;1;4;2;4;3;2;2;1;2;1;5;1;4;5;4;3;3;4;4;2;3;3;4;3;4;4;1;1;3;3;5;1;2;3;3;5;;"";;"";"";"";"";"";;;;"";"";"";0;0;1;0;0
1167,437;2;1;2;"";6;"";2;4;4;5;4;1;1;"";0;0;0;1;0;0;0;0;0;0;1;0;0;1;0;"";4;4;4;2;;;;;0;0;1;0;1;0;1;0;1;1;1;0;0;0;0;0;0;4;3;2;2;1;2;5;1;1;2;3;1;3;4;3;5;3;5;4;4;4;2;2;4;2;3;4;4;5;1;5;3;5;1;5;2;5;1;4;2;4;3;"<p>It is simple, it provides the information in an appealing design.</p>";2;"<p>It is too complex and visually is not appealing.</p>";"<p>It is a nice way to understand certain things, like what kind of words and emotions are taking into consideration to suggest a playlist</p>";"";"<p>Yes, it is a nice way to understand why play certain kind of songs with more frequency than others</p>";"<p>I like it, I have seen this kind of recommendations in the past.</p>";4;5;4;"<p>Yes, provide that the design is good and simple is a nice way to provide information</p>";"";"";0;0;0;1;0
708,397;2;2;7;"";8;"";1;5;5;5;5;1;7;"";0;0;0;0;0;0;1;0;0;1;0;0;0;1;0;"";4;4;5;5;;;;;0;0;0;0;1;0;0;0;1;1;0;0;0;0;0;0;0;1;3;1;2;1;3;5;3;1;3;2;3;3;1;2;3;3;3;3;4;2;3;2;4;2;3;3;1;3;3;3;3;3;3;3;3;3;4;2;2;3;2;"<p>It provides detailed information about why the song was recommended.</p>";1;"<p>There is not enough information about the recommended songs.</p>";"<p>I like that the values of the recommended songs are available to view, but there should be a way to view that on the playlist without the extra tap.</p>";"";"<p>Helpful and unhelpful, I wouldn&#39;t know what the exact meanings of the values are.</p>";"<p>It&#39;s a terrible way to describe the recommendations, the words are open to interpretation, as is the music and song.</p>";5;5;3;"<p>No.</p>";"";"";0;0;0;1;0
681,3;2;3;6;"";4;"";3;4;4;4;4;1;2;"";1;1;1;0;0;0;0;0;0;0;0;0;0;0;0;"";4;4;4;4;;;;;0;0;1;1;1;0;1;1;1;0;0;0;0;0;0;0;0;4;5;3;4;3;4;2;4;4;4;3;4;4;4;4;4;3;3;4;4;4;4;3;4;3;3;4;4;3;3;4;4;3;2;4;4;3;4;3;4;3;1;"<p>because it is easy to use.</p>";3;"<p>because there are lots of contents there&nbsp;</p>";"<p>i love the arrangement and the simplicity. what i love least is the content of explanation</p>";"";"<p>yes they are really help full</p>";"<p>i will say it is a positive and i will start using it</p>";5;5;5;"<p>no my option did not change</p>";"";"";0;0;0;1;0
745,757;1;4;6;"";4;"";4;3;4;4;3;3;1;"";0;0;0;0;0;1;0;1;0;0;1;0;0;1;0;"";;;;;;;;;0;0;0;0;0;0;0;0;0;0;0;0;0;0;0;0;0;3;3;3;4;1;3;4;4;3;4;1;3;4;4;4;3;4;3;3;3;3;4;3;3;4;3;3;3;3;3;3;4;3;3;4;3;3;4;3;2;4;1;"<p><strong>like this recommendation explanation design the most</strong></p>";2;"<p>cant understanr</p>";"<p>nthg</p>";"<p>nothing</p>";"<p>no</p>";"<p>good</p>";4;5;4;"<p>nothing</p>";"<p>no</p>";"<p>no</p>";0;0;0;1;0
;2;2;7;"";8;"";3;2;4;2;4;1;3;"";1;0;1;0;0;0;1;0;0;0;0;0;0;0;0;"";3;5;5;4;;;;;1;0;1;0;0;1;0;0;0;0;0;0;0;0;0;0;0;2;5;5;5;4;3;2;3;2;4;3;4;5;4;3;5;3;5;5;3;3;5;4;3;3;5;5;5;4;5;5;3;4;3;5;4;4;5;3;4;3;;"";;"";"";"";"";"";;;;"";"";"";0;0;1;0;0
556,317;2;4;7;"";8;"";4;4;4;4;5;1;2;"";0;0;0;0;0;0;0;1;1;0;0;0;1;0;0;"";4;4;4;5;;;;;0;1;0;0;0;0;1;0;0;0;0;0;0;1;0;0;0;4;1;2;3;2;2;4;1;1;2;5;5;1;5;1;5;2;2;3;5;2;4;1;2;3;3;1;2;3;1;3;2;5;2;3;2;2;4;4;2;1;1;"<p>It&#39;s enticing</p>";2;"<p>The interface</p>";"<p>Genre of the music</p>";"";"<p>Yes</p>";"<p>It is nice and interesting</p>";5;4;5;"<p>No</p>";"<p>None</p>";"";0;0;0;1;0
360,756;1;3;7;"";9;"";4;5;4;4;3;1;2;"";0;1;1;0;0;1;1;1;0;0;0;0;0;0;0;"";4;4;5;4;;;;;1;1;1;1;0;0;1;1;1;0;0;0;0;0;0;0;0;1;3;4;4;3;5;5;4;3;5;3;3;3;4;4;3;4;2;3;3;3;4;2;2;5;3;2;3;3;3;3;4;2;5;4;3;3;4;5;2;2;1;"<p>because its seems like the user free interface</p>";3;"<p>this interface looks like non userfree interface</p>";"<p>for easiest accessing</p>";"<p>nothing</p>";"<p>yes its so helpful</p>";"<p>nothing to recommend</p>";4;5;4;"<p>yes its more importance to me&nbsp;</p>";"<p>no</p>";"";0;0;0;1;0
;;;;"";;"";;;;;;;;"";0;0;0;0;0;0;0;0;0;0;0;0;0;0;0;"";;;;;;;;;0;0;0;0;0;0;0;0;0;0;0;0;0;0;0;0;0;;;;;;;;;;;;;;;;;;;;;;;;;;;;;;;;;;;;;;;;;;;"";;"";"";"";"";"";;;;"";"";"";0;1;0;0;0
893,193;2;2;6;"";1;"";5;4;5;4;4;1;6;"";0;1;1;0;0;0;0;0;1;0;0;0;0;0;0;"";5;4;4;5;;;;;0;1;0;1;1;0;0;0;0;0;0;1;0;0;0;0;0;4;4;1;4;5;3;5;5;3;4;4;4;5;4;3;2;3;4;4;3;2;4;5;4;1;3;4;5;3;1;3;4;3;3;4;3;5;4;4;2;3;3;"<p>it is the way it was design it aesthetics quality&nbsp;</p>";1;"<p>it creates certain feeling in me&nbsp;</p>";"<p>it expresses the beauty of the art in musical world&nbsp;</p>";"<p>the lyric is very good and creates atmosphere for the listener&nbsp;</p>";"<p>it is very helpful for the auditory organs</p>";"<p>it is an interesting survey they should&nbsp;plan to cultivate some&nbsp;of&nbsp; the ideas in it.</p>";4;5;4;"<p>the opinion is still very vibrant&nbsp;</p>";"<p>cultivate the ideas an learn more on the genre of music&nbsp;</p>";"";0;0;0;1;0
;;;;"";;"";;;;;;;;"";0;0;0;0;0;0;0;0;0;0;0;0;0;0;0;"";;;;;;;;;0;0;0;0;0;0;0;0;0;0;0;0;0;0;0;0;0;;;;;;;;;;;;;;;;;;;;;;;;;;;;;;;;;;;;;;;;;;;"";;"";"";"";"";"";;;;"";"";"";0;1;0;0;0
874,627;2;2;6;"";13;"";5;5;4;4;4;1;6;"";0;1;0;0;0;0;0;0;0;0;0;1;0;0;0;"";4;4;5;5;;;;;0;0;0;0;0;1;0;0;0;0;0;0;0;0;0;0;0;4;5;5;3;4;4;4;4;5;5;5;4;5;5;4;5;4;4;5;5;4;4;5;5;4;3;4;5;5;5;5;5;4;4;4;4;4;4;5;2;4;3;"<p>it is good many it is good&nbsp;</p>";2;"<p>it is good&nbsp;it is good&nbsp;</p>";"<p>it is good nit is good&nbsp;</p>";"<p>it is good&nbsp;</p>";"<p>it is good&nbsp;</p>";"<p>it is good&nbsp;</p>";4;5;4;"<p>it is good&nbsp;</p>";"<p>it is good&nbsp;</p>";"<p>it is good&nbsp;</p>";0;0;0;1;0
1131,85;1;4;4;"";6;"";2;4;5;4;4;2;3;"";0;0;1;0;0;0;0;1;0;0;0;0;0;1;0;"";;;;;4;4;4;5;0;0;1;0;1;0;0;0;0;1;0;0;0;0;0;0;0;1;2;2;2;1;1;5;2;3;2;4;1;2;1;4;2;4;2;5;2;4;1;3;2;4;3;4;1;4;2;4;2;5;1;4;2;5;1;5;2;4;3;"<p>I like how colorful it is, and I like that I can easily compare the two sides without looking at numbers and having to concentrate on them. This is super easy. While I found it a little difficult to interpret at first (something about the bars both signaling an increase even though they&#39;re pointed in the opposite direction), it&#39;s such an attractive visual. It doesn&#39;t feel overwhelming to look at these soft colors on a black/grey background.&nbsp;</p>";1;"<p>I don&#39;t feel this gives me any information to make an informed decision about the song. I don&#39;t want to waste my time listening to a song that&#39;s not what I want because it&#39;s a partial match to my playlist. I want to know what my tastes are so I can identify them visually.&nbsp;</p>";"<p>I love that you can shuffle! That&#39;s so helpful! It keeps things new and interesting. I do with the measurement were compared closer together so I could see how they differ side by side. But, that&#39;s a bit minor. I like how the text is clean and minimal. It&#39;s not overwhelming at all.</p>";"<p>I&#39;d like a lighter mode, and perhaps an option to display an overall fit for the playlist without clicking on the song at all.&nbsp;</p>";"<p>I found them very helpful, and I think it&#39;s a great way to help people choose songs. It seems that it&#39;s so hit and miss to find a song you want for a certain mood by searching for subjects or artists. I want variety, but sometimes I want a certain mood within that variety.&nbsp;</p>";"<p>I think it&#39;s a great idea! I wish places like YouTube had this. I think this captures what people often look for in songs. Maybe they want sad songs...but not too sad. Well, it&#39;s not very easy to Google that, so this is helpful.</p>";5;5;4;"<p>No, I still&nbsp;think they&#39;re important. Actually, I now think that recommendation explanations are even more important. I see how an insight into the algorithms can help you identify your preferences in a more consistent manner, too.</p>";"<p>No, I do not.</p>";"<p>Thank you! This was very interesting!</p>";0;0;0;1;0
;;;;"";;"";;;;;;;;"";0;0;0;0;0;0;0;0;0;0;0;0;0;0;0;"";;;;;;;;;0;0;0;0;0;0;0;0;0;0;0;0;0;0;0;0;0;;;;;;;;;;;;;;;;;;;;;;;;;;;;;;;;;;;;;;;;;;;"";;"";"";"";"";"";;;;"";"";"";0;1;0;0;0
141,687;2;3;7;"";8;"";3;4;3;1;4;2;1;"";0;1;0;0;1;1;0;0;0;0;0;0;0;0;0;"";;;;;1;5;1;5;0;1;0;0;1;0;0;1;1;0;0;0;0;1;0;0;0;5;5;4;2;1;3;4;2;3;3;1;2;2;5;4;4;3;1;4;2;5;1;2;3;1;3;3;4;2;5;2;1;3;4;3;4;1;1;1;3;1;2;"<p>i like the design</p>";3;"<p>i like the design</p>";"<p>i like the design</p>";"<p>i like the design</p>";"<p>i like the design</p>";"<p>i like the design</p>";2;4;3;"<p>i like the design</p>";"<p>i like the design</p>";"<p>i like the design</p>";0;0;0;1;0
424,07;2;2;6;"";11;"";1;4;4;5;4;1;6;"";0;0;0;0;1;1;0;0;0;0;1;0;0;0;0;"";4;3;2;3;;;;;1;0;0;0;0;0;1;1;0;1;0;0;0;0;0;0;0;2;5;2;2;2;3;2;3;2;2;2;4;3;2;4;2;4;2;4;2;2;2;3;3;3;3;4;2;5;2;4;2;4;2;4;2;4;2;4;2;4;3;"<p>I think it looks the most attractice, sticking with the darker theme, and is more visual and easier to understand.</p>";2;"<p>I would be more okay without any explanation to e honest, so the second one was a no from me just from the way it looked.</p>";"<p>I like that it explains the parts of why it was chosen, I think there are too many options perhaps to show</p>";"";"<p>they were helpful I guess, it would incline me to listen to the song faster.</p>";"<p>I think they&#39;re okay, it seems to work with the playlists in general, but I think I would also like an option, if I even super cared about why songs are recommended, that showed musicality options besides just moods.</p>";5;4;2;"<p>It kind of has, I mean i realize, I don&#39;t really need any explanation at all.</p>";"<p>No other suggestions, I think that s a good place to start</p>";"";0;0;0;1;0
;;;;"";;"";;;;;;;;"";0;0;0;0;0;0;0;0;0;0;0;0;0;0;0;"";;;;;;;;;0;0;0;0;0;0;0;0;0;0;0;0;0;0;0;0;0;;;;;;;;;;;;;;;;;;;;;;;;;;;;;;;;;;;;;;;;;;;"";;"";"";"";"";"";;;;"";"";"";0;1;0;0;0
1959,877;1;2;6;"";4;"";3;4;3;4;3;1;1;"";0;1;0;0;0;1;0;1;0;0;0;0;0;0;0;"";3;3;4;4;;;;;0;0;0;1;0;0;1;1;1;0;0;0;0;0;0;0;0;4;4;3;3;3;4;4;3;3;4;3;4;3;3;3;4;4;4;4;3;4;3;3;4;3;3;3;4;3;4;4;3;4;3;3;3;3;4;3;4;4;3;"<p>MOST WORK&nbsp;</p>";2;"<p>PROBLEMS&nbsp;</p>";"<p>NO</p>";"<p>NONE</p>";"<p>YES</p>";"<p>GOOD</p>";3;4;3;"<p>NOT BAD</p>";"<p>GOOD</p>";"<p>NO</p>";0;0;0;1;0
;;;;"";;"";;;;;;;;"";0;0;0;0;0;0;0;0;0;0;0;0;0;0;0;"";;;;;;;;;0;0;0;0;0;0;0;0;0;0;0;0;0;0;0;0;0;;;;;;;;;;;;;;;;;;;;;;;;;;;;;;;;;;;;;;;;;;;"";;"";"";"";"";"";;;;"";"";"";0;1;0;0;0
;;;;"";;"";;;;;;;;"";0;0;0;0;0;0;0;0;0;0;0;0;0;0;0;"";;;;;;;;;0;0;0;0;0;0;0;0;0;0;0;0;0;0;0;0;0;;;;;;;;;;;;;;;;;;;;;;;;;;;;;;;;;;;;;;;;;;;"";;"";"";"";"";"";;;;"";"";"";0;1;0;0;0
1196,013;1;2;6;"";6;"";2;4;4;5;4;1;6;"";0;1;1;1;1;0;0;0;0;0;1;0;0;0;1;"kpop";4;5;4;3;;;;;0;0;1;0;0;1;0;1;0;1;1;0;0;0;0;0;0;4;5;1;4;1;3;1;4;1;4;1;4;4;4;4;2;3;2;4;2;5;4;4;1;4;3;5;4;4;2;4;2;3;1;4;2;4;1;4;2;4;2;"<p>I like the amount of infromation it is giving you with data and facts but making it very clear of what it means but the design is friendly and welcoming&nbsp;</p>";3;"<p>I dont like the grahic design it looks to industry type and not relatable for people to want to learn and understand of trust in whats being said.</p>";"<p>I like how it seems to connect to your music taste and gives you the right recommendations.</p>";"<p>I want it to look for 2020 with bolding appeal, currenly looks a few years out dated</p>";"<p>Gives you the details with works tht mean how you are feeling which connect to different music taste in the moment.</p>";"<p>I like it espcially now because I have many different moods and want the right music to listen to</p>";4;4;4;"<p>It has made me even more aware and knowing I need those recommendation for good music to help me out in that way</p>";"<p>no</p>";"";0;0;0;1;0
;;;;"";;"";;;;;;;;"";0;0;0;0;0;0;0;0;0;0;0;0;0;0;0;"";;;;;;;;;0;0;0;0;0;0;0;0;0;0;0;0;0;0;0;0;0;;;;;;;;;;;;;;;;;;;;;;;;;;;;;;;;;;;;;;;;;;;"";;"";"";"";"";"";;;;"";"";"";0;1;0;0;0
1381,92;1;2;4;"";13;"";2;4;4;4;4;1;6;"";0;0;0;0;0;0;0;1;0;0;1;0;0;1;0;"";4;2;4;4;;;;;0;0;0;1;1;0;1;1;0;0;0;0;0;0;0;0;0;2;2;4;4;4;4;2;2;4;2;4;4;4;2;4;4;2;4;2;4;2;4;2;4;2;3;4;2;4;4;4;3;4;2;2;2;4;2;2;2;4;3;"<p>It&#39;s easy to see the difference between the song and the playlist without a ton of numbers. THe bars are easy to see. It only matches a few so it still might not be the right for playlist but a good jumping off place.&nbsp;</p>";1;"<p>It doesn&#39;t tell you it recommends the song it shows the songs. I think that is ok but you won&#39;t understand why you like the music you like&nbsp;</p>";"<p>I like the color bars it&#39;s easy to see and compare&nbsp; the same on either side but I don&#39;t like how many categories&nbsp; that there, it&#39;s too much info. Also where do they get this info? WHo&#39;s rating these? Also some of those categories I would never compare or even know how to rate that</p>";"<p>You should be able to slide through the table for different songs, instead of having go back to the list and select &quot;why?&quot;&nbsp;</p>";"<p>They are but I don&#39;t know how a song can be powerful but lethargic since don&#39;t those counter act each other. Also I&#39;d want different mood then that. Like I will never think to look up lethargic but lazy.&nbsp;</p>";"<p>They are too complicated. We need normal moods like lazy, party, working out, depressed, etc.&nbsp;</p>";5;4;4;"<p>I use them a lot, like create a station in Apple music, cause I get into a mood and I want that vibe to continue, I don&#39;t want to waste time clicking back and forth since I am normally doing something at the same time that doesn&#39;t allow me to be hands on with phone and I can skip a song by asking siri&nbsp;</p>";"<p>Can it speak it outloud to me, or can there be a written explaintion why I might like it&nbsp;&nbsp;</p>";"";0;0;0;1;0
690,49;2;4;7;"";4;"";4;4;3;3;4;1;2;"";1;1;1;1;0;0;0;0;0;0;1;1;1;1;0;"";3;3;4;3;;;;;1;1;0;0;1;0;0;0;0;1;0;0;0;0;0;0;0;3;4;4;4;4;4;4;4;3;4;3;3;4;4;3;3;4;3;4;4;3;4;4;4;4;3;4;4;3;4;4;4;4;4;3;4;3;3;4;2;3;2;"<p>the sound recommendation is only base on the actual&nbsp;&nbsp;mood of the listeners</p>";1;"<p>it gives a normal direct usage</p>";"<p>the playlist have many features</p>";"<p>no</p>";"<p>yes</p>";"<p>it will be of great help</p>";4;3;4;"<p>no</p>";"<p>no</p>";"<p>none</p>";0;0;0;1;0
1044,93;2;3;4;"";10;"Mining";2;4;4;4;4;1;6;"";0;1;0;0;0;0;1;0;0;0;0;0;0;1;0;"";3;4;3;2;;;;;0;0;0;0;0;0;0;0;0;0;0;0;0;0;1;0;0;2;2;2;2;1;1;4;3;3;3;3;3;2;2;4;2;4;2;4;2;4;2;2;4;3;3;4;2;5;1;4;1;4;3;4;2;5;1;4;2;4;3;"<p>3 looks more pleasing than 2 and is easier to <u><em>quickly </em></u>compare the similarities because of the layout of the bar graph as opposed to the percentages. 1 is fine as well, but it offers no explanation.</p>";2;"<p>The design and colors feel out of place in the app. It requires more attention to decipher the information being conveyed.</p>";"<p>I like the color coded bars, it makes them stand out and easy to compare. I dislike the grayed out percentage numbers, requires too much attention.</p>";"<p>no</p>";"<p>somewhat</p>";"<p>I like the idea of it, but I feel like I&#39;m more of the mindset to just play the song for a few seconds and if I don&#39;t like it, I&#39;ll just remove it from the playlist.</p>";4;3;3;"<p>I&#39;m slightly more in favor, but as I previously stated, I feel I&#39;m just as apt to listen to the song recommended and delete if I don&#39;t like it.</p>";"<p>no</p>";"<p>I feel this HIT is quite a bit underpaid for the amount of required writing and time it takes to complete. <span class=""text-uppercase""><span data-react-class=""require('reactComponents/common/CopyText')['default']"" data-react-props=""{&quot;textToCopy&quot;:&quot;A3LPHYONE222OY&quot;}""><span class=""copy-begin copy-container"" data-reactid="".0""><span class=""copyable-content"" data-reactid="".0.1"" tabindex=""0""><span data-reactid="".0.1.0"">A3LPHYONE222OY is my ID in case of a problem. </span></span></span></span></span></p>";0;0;0;1;0
311,213;1;1;6;"";8;"";5;4;3;4;4;2;3;"";0;0;1;0;0;1;0;1;0;0;0;0;0;0;0;"";;;;;3;4;5;5;0;0;0;0;0;0;1;0;0;0;0;0;0;0;0;0;0;5;4;2;4;4;2;2;4;2;5;4;5;5;5;4;2;4;5;4;4;2;4;2;5;4;3;4;2;1;2;4;3;3;4;4;5;3;4;4;2;4;1;"<p>good for useful and interesting</p>";2;"<p>all of</p>";"<p>no idea</p>";"<p>nothing</p>";"<p>nothing</p>";"<p>nothing</p>";4;5;5;"<p>country music</p>";"<p>hip hop music</p>";"<p>nothing</p>";0;0;0;1;0
719,36;2;2;4;"";1;"";3;3;3;3;3;2;1;"";0;0;0;1;0;0;0;1;0;0;1;0;0;0;0;"";;;;;3;3;3;3;0;1;0;0;1;1;1;0;1;0;0;0;0;0;0;0;0;3;3;3;3;3;3;3;3;3;3;3;3;3;3;3;3;3;3;3;3;3;3;3;3;3;3;3;3;3;3;3;3;3;3;3;3;3;3;3;2;3;1;"<p>easy to work and looks classy</p>";2;"<p>its so confusing</p>";"<p>i like the interfaces</p>";"<p>yes, i wish to change the 3rd interface</p>";"<p>nope</p>";"<p>it help to reduce the stresslevel and feel pleasant</p>";4;4;3;"<p>slightly&nbsp;</p>";"<p>nope</p>";"<p>i understood how to answer a survey. I enjoyed taking this survey</p>";0;0;0;1;0
;;;;"";;"";;;;;;;;"";0;0;0;0;0;0;0;0;0;0;0;0;0;0;0;"";;;;;;;;;0;0;0;0;0;0;0;0;0;0;0;0;0;0;0;0;0;;;;;;;;;;;;;;;;;;;;;;;;;;;;;;;;;;;;;;;;;;;"";;"";"";"";"";"";;;;"";"";"";0;1;0;0;0
;;;;"";;"";;;;;;;;"";0;0;0;0;0;0;0;0;0;0;0;0;0;0;0;"";;;;;;;;;0;0;0;0;0;0;0;0;0;0;0;0;0;0;0;0;0;;;;;;;;;;;;;;;;;;;;;;;;;;;;;;;;;;;;;;;;;;;"";;"";"";"";"";"";;;;"";"";"";0;1;0;0;0
269,826;2;2;8;"";4;"";5;5;4;4;5;1;2;"";0;0;1;0;0;0;0;0;0;0;0;0;0;0;0;"";5;4;5;4;;;;;0;1;0;0;0;0;0;0;0;0;0;0;0;0;0;0;0;5;5;5;5;5;5;4;4;4;4;4;4;5;4;5;5;4;5;4;5;4;4;4;5;5;5;4;4;5;4;4;5;5;5;5;4;4;5;4;5;4;2;"<p><span style=""font-size:8px"">no</span></p>";1;"<p>no</p>";"<p>no</p>";"<p>no</p>";"<p>yes</p>";"<p>no</p>";5;4;5;"<p>body p</p>";"<p>no</p>";"<p>no</p>";0;0;0;1;0
;;;;"";;"";;;;;;;;"";0;0;0;0;0;0;0;0;0;0;0;0;0;0;0;"";;;;;;;;;0;0;0;0;0;0;0;0;0;0;0;0;0;0;0;0;0;;;;;;;;;;;;;;;;;;;;;;;;;;;;;;;;;;;;;;;;;;;"";;"";"";"";"";"";;;;"";"";"";0;1;0;0;0
897,277;2;5;6;"";13;"";4;5;4;5;5;1;1;"";0;1;0;0;0;0;0;1;1;0;1;0;0;0;0;"";4;5;5;4;;;;;0;0;1;1;0;1;1;0;0;0;0;0;0;0;0;0;0;5;4;4;5;5;5;4;4;5;5;4;4;5;5;5;5;3;4;4;5;5;4;4;4;4;3;4;5;5;4;4;5;5;5;4;4;5;4;4;2;5;2;"<p>ITALY</p>";1;"<p>ITALY</p>";"<p>ITALY</p>";"<p>14PX</p>";"<p>ITALY</p>";"<p>BOLD</p>";5;5;5;"<p>BOLD</p>";"<p>ITALY</p>";"";0;0;0;1;0
;;;;"";;"";;;;;;;;"";0;0;0;0;0;0;0;0;0;0;0;0;0;0;0;"";;;;;;;;;0;0;0;0;0;0;0;0;0;0;0;0;0;0;0;0;0;;;;;;;;;;;;;;;;;;;;;;;;;;;;;;;;;;;;;;;;;;;"";;"";"";"";"";"";;;;"";"";"";0;1;0;0;0
;;;;"";;"";;;;;;;;"";0;0;0;0;0;0;0;0;0;0;0;0;0;0;0;"";;;;;;;;;0;0;0;0;0;0;0;0;0;0;0;0;0;0;0;0;0;;;;;;;;;;;;;;;;;;;;;;;;;;;;;;;;;;;;;;;;;;;"";;"";"";"";"";"";;;;"";"";"";0;1;0;0;0
350,3;2;2;6;"";11;"";2;4;4;4;4;1;3;"";0;0;0;1;0;0;0;0;0;0;1;0;1;0;0;"";4;5;4;4;;;;;1;0;1;1;0;0;1;1;1;0;0;1;0;1;0;0;0;4;3;2;4;1;3;2;3;2;4;2;3;4;4;4;2;4;2;4;2;3;3;4;2;4;3;4;3;2;4;2;5;2;4;2;4;3;4;1;2;2;2;"<p>It is the most clear to me why certain songs get recommended by this and what stats they show</p>";3;"<p>It is overly complex with the bars and hard to understand at first</p>";"<p>I like the WHY? and percentages shown in details and dislike the bars, seems like an overload of information</p>";"";"<p>Yes, they helped me groove into that mood</p>";"<p>I think it helps when the users want to be in certain moods</p>";5;4;4;"<p>No</p>";"";"";0;0;0;1;0
663,794;1;2;6;"";11;"";4;2;2;4;3;1;3;"";0;0;0;0;0;0;0;0;1;0;1;0;0;1;0;"";2;4;4;3;;;;;0;0;0;1;0;0;1;0;0;0;0;0;0;0;0;0;0;2;2;4;2;5;2;2;3;4;4;3;1;4;3;4;3;4;1;4;4;3;2;1;3;2;3;4;2;3;4;5;4;2;4;3;2;1;3;3;2;4;1;"<p>good view</p>";2;"<p>i don&#39;t like recommendation</p>";"<p>good interface i like it</p>";"";"<p>no answer</p>";"<p>nice survey good one</p>";4;2;4;"<p>i like this survey</p>";"";"";0;0;0;1;0
628,226;1;4;6;"";4;"";2;3;4;4;4;1;1;"";0;0;0;0;0;0;0;0;0;0;0;1;0;1;0;"";3;4;3;2;;;;;0;0;0;0;0;0;0;0;0;0;0;0;0;0;1;0;0;1;3;1;3;2;1;3;2;3;2;3;3;3;1;3;2;3;2;4;2;3;2;2;2;3;3;3;1;4;2;3;2;4;3;3;2;3;3;3;2;4;2;"<p>Interface 2 appears to be the most specific and has the most detail of the three options.</p>";1;"<p>Interface 1 is not aesthetically appealing.&nbsp; It also has the least amount of information.</p>";"<p>I like the specificity of 2 and the colors of Interface 3.&nbsp; I do not like the blandness of Interface 1.</p>";"<p>I would add more color to all three designs.</p>";"<p>Yes, if you trust them.</p>";"<p>It is something I might or might not use.&nbsp; It is not something I miss not having.</p>";4;2;3;"<p>no</p>";"<p>no</p>";"<p>vastly underpaid for the amount of writing expected</p>";0;0;0;1;0
134,173;1;2;6;"";13;"";2;4;4;5;1;1;6;"";0;0;1;0;0;0;0;0;0;0;1;0;0;1;0;"";4;2;3;4;;;;;0;0;1;1;0;0;1;1;0;1;0;0;0;0;0;0;0;2;4;5;1;5;2;2;2;4;5;2;2;4;3;1;4;5;5;3;5;3;1;5;4;1;5;4;4;2;1;4;5;1;3;3;4;4;1;3;3;5;2;"<p>I like the emotions and percentages.&nbsp;</p>";3;"<p>The bar graph is hard to read/understand.&nbsp;</p>";"<p>That you can easily play them.&nbsp; Best</p><p>Least How close together they are</p>";"<p>none</p>";"<p>Yes!</p>";"<p>It seems like something I&#39;d enjoy and that doesn&#39;t exist yet</p>";5;5;5;"<p>no</p>";"";"";0;0;0;1;0
;;;;"";;"";;;;;;;;"";0;0;0;0;0;0;0;0;0;0;0;0;0;0;0;"";;;;;;;;;0;0;0;0;0;0;0;0;0;0;0;0;0;0;0;0;0;;;;;;;;;;;;;;;;;;;;;;;;;;;;;;;;;;;;;;;;;;;"";;"";"";"";"";"";;;;"";"";"";0;1;0;0;0
946,15;2;2;4;"";10;"Manufacturing";2;4;4;4;4;1;3;"";0;0;1;0;0;0;0;1;0;0;1;0;0;0;0;"";3;3;4;4;;;;;0;0;0;0;1;0;1;1;0;1;0;0;0;0;0;0;0;3;3;2;2;2;3;4;3;2;3;3;3;3;3;4;2;4;3;4;2;3;2;4;2;4;3;3;3;2;4;3;3;3;2;3;4;2;2;3;2;3;2;"<p>I like this one the most because it is easy to understand and gives you a simple and clean way to see why this particular song was a recommendation. Its not too complex and it gets straight to the point.</p>";3;"<p>I hate it because the bars are not really showing any information. It is hard to understand what it really is trying to tell you. You have to really think about what you are looking at.&nbsp;</p>";"<p>I like the clean and simple designs the most. They relay information in a way that is quick and easy to understand. I do not like the explanations that basically are not telling you what is going on when you look at it. Some of them are way to complex and no one has the time to sit and figure it all out.</p>";"";"<p>Yea number 2 is the best. You can clearly see the moods of the playlist and what the song is trying to match. It allows you to take a quick glance and see how they all compare and why they were chosen. Its much better than having no explanation at all.</p>";"<p>I would use them if they are shown like number 2. If I can just take a quick glance and see how everything compares and understand everything, I think it would be useful. I would not mind using them and would give me a sense of what the program is trying to do.</p>";5;3;4;"<p>No it has not change. I think that explanations would be nice to see so you can understand where the music is coming from.</p>";"";"";0;0;0;1;0
295,514;2;2;4;"";8;"";2;4;3;4;2;1;6;"";0;0;0;0;0;0;0;1;0;0;0;0;0;0;0;"";3;4;2;4;;;;;0;0;1;0;0;0;0;0;0;0;0;0;0;0;0;0;0;4;4;3;3;3;4;3;4;5;2;5;2;3;2;3;3;5;3;4;1;4;4;4;2;3;2;4;5;2;4;5;4;3;3;3;4;4;3;4;2;2;1;"<p>looking good</p>";2;"<p>detail</p>";"<p>nice</p>";"<p>good</p>";"<p>yes</p>";"<p>super</p>";5;3;4;"<p>good</p>";"<p>nice</p>";"<p>super</p>";0;0;0;1;0
;2;5;6;"";2;"";1;5;4;4;4;1;3;"";0;0;0;0;1;0;0;0;0;0;1;0;0;1;0;"";2;3;5;4;;;;;0;0;0;0;1;0;1;1;0;1;0;0;0;0;0;0;0;;;;;;;;;;;;;;;;;;;;;;;;;;;;;;;;;;;;;;;;;;;"";;"";"";"";"";"";;;;"";"";"";0;0;1;0;0
655,683;2;3;6;"";8;"";5;3;5;1;5;1;2;"";1;0;0;1;0;0;1;1;1;0;1;1;1;1;0;"";5;4;5;2;;;;;1;0;1;0;1;0;1;0;1;0;0;0;1;0;0;0;0;4;4;1;2;5;1;3;4;1;2;3;4;5;5;2;2;2;5;4;1;4;4;4;3;2;4;5;5;4;3;2;1;1;5;3;2;3;3;4;1;4;1;"<p>I like the user Interface, not too busy and its gonna be easy to use</p>";2;"<p>The User Interface is too busy and that is not good for a user</p>";"<p>I like the fact that i would be shown the recommendation of each song or music i am about to listen to</p>";"<p>Yes, i would like the&nbsp;recommendation of each song should be seen at the bottom on click of each songs</p>";"<p>Yes it is helpful</p>";"<p>Its gonna be a nice feature in a music app, i look forward to that</p>";4;5;4;"<p>No</p>";"<p>None for now</p>";"<p>No comment</p>";0;0;0;1;0
;;;;"";;"";;;;;;;;"";0;0;0;0;0;0;0;0;0;0;0;0;0;0;0;"";;;;;;;;;0;0;0;0;0;0;0;0;0;0;0;0;0;0;0;0;0;;;;;;;;;;;;;;;;;;;;;;;;;;;;;;;;;;;;;;;;;;;"";;"";"";"";"";"";;;;"";"";"";0;1;0;0;0
334,073;2;2;6;"";11;"";1;4;5;5;5;1;6;"";1;0;0;1;1;0;0;1;1;0;1;0;1;1;0;"";4;4;5;3;;;;;0;1;1;0;1;0;1;0;0;0;0;1;0;0;0;0;0;4;4;3;3;2;2;4;3;3;4;3;4;4;2;3;3;4;2;3;3;2;2;4;3;4;3;4;3;3;5;4;4;4;3;3;3;4;4;2;2;2;2;"<p>its easy to comprehend</p>";1;"<p>has too much going on</p>";"<p>the percentages are just dumb to me</p>";"<p>not really</p>";"<p>not really not much information</p>";"<p>its great and the technology is a game changer</p>";4;4;3;"<p>no</p>";"<p>no</p>";"";0;0;0;1;0
;;;;"";;"";;;;;;;;"";0;0;0;0;0;0;0;0;0;0;0;0;0;0;0;"";;;;;;;;;0;0;0;0;0;0;0;0;0;0;0;0;0;0;0;0;0;;;;;;;;;;;;;;;;;;;;;;;;;;;;;;;;;;;;;;;;;;;"";;"";"";"";"";"";;;;"";"";"";0;1;0;0;0
;;;;"";;"";;;;;;;;"";0;0;0;0;0;0;0;0;0;0;0;0;0;0;0;"";;;;;;;;;0;0;0;0;0;0;0;0;0;0;0;0;0;0;0;0;0;;;;;;;;;;;;;;;;;;;;;;;;;;;;;;;;;;;;;;;;;;;"";;"";"";"";"";"";;;;"";"";"";0;1;0;0;0
691,374;2;2;7;"";8;"";4;3;4;3;4;1;1;"";1;1;0;1;0;0;0;0;0;0;0;0;0;0;0;"";3;4;4;3;;;;;0;1;1;1;0;0;0;0;0;0;0;0;0;0;0;0;0;3;4;2;4;4;3;4;3;3;3;4;4;3;2;2;2;3;3;3;4;2;3;3;3;3;3;3;3;3;3;2;4;3;3;3;3;3;3;4;2;3;1;"<p>IT IS VERY NEAT AND ATTRACTIVE</p>";2;"<p>IT WAS VERY CONFUSING</p>";"<p>THE LEAST WAS LOOKING DETAILED</p>";"";"<p>IT IS VERY HELPFUL</p>";"<p>IT WAS VERY INTERESTING</p>";4;4;3;"<p>NO</p>";"";"";0;0;0;1;0
1025,366;1;5;2;"";10;"Housewife";2;4;4;4;4;2;3;"";0;0;0;0;0;0;0;0;1;0;1;0;0;1;0;"";;;;;4;4;2;2;0;0;0;0;0;0;0;0;0;0;0;0;0;0;1;0;0;2;4;2;4;2;4;2;3;2;4;2;4;4;2;4;2;4;2;4;2;3;2;4;2;4;3;4;2;4;2;4;2;4;2;3;2;4;2;4;2;4;3;"<p>I think the colored bar info is attractive and helpful. It also compares the artist in the first column with the playlist in general.</p>";1;"<p>It&#39;s plain and boring and provides almost no info.</p>";"<p>I like that interface 2 and 3 have a lot of relatable info that would help me choose a song by what I&#39;m in the mood for. I don&#39;t like interface 1 because it&#39;s just not helpful.</p>";"";"<p>Yes, If I was in a particular mood that would help me pick the right music.</p>";"<p>Generally helpful for those who need reccomendations.</p>";4;4;4;"<p>No not really.</p>";"";"";0;0;0;1;0
;;;;"";;"";;;;;;;;"";0;0;0;0;0;0;0;0;0;0;0;0;0;0;0;"";;;;;;;;;0;0;0;0;0;0;0;0;0;0;0;0;0;0;0;0;0;;;;;;;;;;;;;;;;;;;;;;;;;;;;;;;;;;;;;;;;;;;"";;"";"";"";"";"";;;;"";"";"";0;1;0;0;0
431,58;1;4;6;"";11;"";4;4;4;5;4;1;3;"";1;0;1;0;0;0;0;0;0;0;0;1;0;0;0;"";4;4;4;4;;;;;0;0;0;1;1;0;0;0;1;0;0;1;0;0;0;0;0;5;3;2;4;3;3;1;4;4;3;1;4;4;3;4;4;4;2;4;4;5;4;4;4;4;3;5;4;5;3;3;2;5;1;4;5;3;4;4;2;4;3;"<p>more detailed and beautiful</p>";1;"<p>somehow confusing</p>";"<p>it is detailed and self explanatory&nbsp;</p>";"";"<p>Yes</p>";"<p><strong>using moods for recommendation explanations is better&nbsp;</strong></p>";5;5;4;"<p>No</p>";"";"";0;0;0;1;0
2078,21;2;2;7;"";4;"";3;4;4;5;4;1;6;"";0;1;0;0;0;0;0;0;1;0;1;1;0;0;0;"";1;1;3;3;;;;;1;1;1;1;0;0;1;1;0;1;0;0;1;0;0;0;0;1;4;1;5;1;5;2;4;3;1;2;1;2;4;1;1;1;3;2;5;5;1;2;4;4;3;2;4;5;2;5;3;5;5;5;1;4;1;4;2;4;2;"<p>It is detailed and concise showing the playlist based moods.</p>";1;"<p>It is not detailed and not explanatory enough.</p>";"<p>I like the percentage play list moods. The least one that I like is the recommended songs based on playlists.</p>";"";"<p>Yes</p>";"<p>It&#39;s very helpful and well detailed.</p>";3;5;4;"<p>Yes</p>";"";"";0;0;0;1;0
540,26;2;2;6;"";1;"";2;3;3;3;4;1;2;"";0;1;1;0;1;0;0;0;0;0;0;0;0;0;0;"";3;3;3;3;;;;;0;0;1;0;1;0;1;0;1;0;0;0;0;0;0;0;0;4;4;5;4;4;4;3;4;4;4;4;4;5;3;4;5;4;3;3;4;4;4;5;4;4;3;5;5;5;4;5;4;4;5;5;5;4;4;4;2;5;2;"<p>well surface</p>";3;"<p>color</p>";"<p>good</p>";"<p>good</p>";"<p>well</p>";"<p><strong>design music recommendation explanations</strong></p>";5;5;5;"<p>good</p>";"<p>well</p>";"<p>well</p>";0;0;0;1;0
;;;;"";;"";;;;;;;;"";0;0;0;0;0;0;0;0;0;0;0;0;0;0;0;"";;;;;;;;;0;0;0;0;0;0;0;0;0;0;0;0;0;0;0;0;0;;;;;;;;;;;;;;;;;;;;;;;;;;;;;;;;;;;;;;;;;;;"";;"";"";"";"";"";;;;"";"";"";0;1;0;0;0
;;;;"";;"";;;;;;;;"";0;0;0;0;0;0;0;0;0;0;0;0;0;0;0;"";;;;;;;;;0;0;0;0;0;0;0;0;0;0;0;0;0;0;0;0;0;;;;;;;;;;;;;;;;;;;;;;;;;;;;;;;;;;;;;;;;;;;"";;"";"";"";"";"";;;;"";"";"";0;1;0;0;0
;;;;"";;"";;;;;;;;"";0;0;0;0;0;0;0;0;0;0;0;0;0;0;0;"";;;;;;;;;0;0;0;0;0;0;0;0;0;0;0;0;0;0;0;0;0;;;;;;;;;;;;;;;;;;;;;;;;;;;;;;;;;;;;;;;;;;;"";;"";"";"";"";"";;;;"";"";"";0;1;0;0;0
546,387;2;2;6;"";11;"";1;5;5;5;2;1;1;"";0;0;0;0;0;0;0;1;0;0;0;0;1;0;0;"";2;4;4;2;;;;;0;0;0;0;0;0;1;0;0;1;0;0;0;0;0;0;0;1;2;4;1;3;1;4;1;4;1;2;1;1;1;5;1;5;1;5;1;3;1;4;1;4;3;5;1;4;2;4;1;4;2;2;2;4;1;4;2;4;2;"<p>It&#39;s simple and easy to understand</p>";1;"<p>It&#39;s confusing</p>";"<p>I like that they are introducing a new way to recommend music</p><p>I think 2 of the interfaces are a little confusing</p>";"";"<p>I think they were helpful because it&#39;s easy to understand</p>";"<p>I want to try it</p>";5;5;5;"<p>no</p>";"";"";0;0;0;1;0
1136,004;1;3;6;"";6;"";2;4;3;4;4;1;1;"";0;0;1;0;0;0;0;0;0;0;1;0;0;1;0;"";2;2;4;4;;;;;0;0;0;0;0;0;1;0;0;0;0;0;0;1;0;0;0;1;2;4;4;3;3;3;3;2;2;4;2;4;1;4;2;4;2;2;2;3;2;4;2;4;3;4;1;4;2;4;2;2;2;3;2;4;2;4;2;4;2;"<p>I like that it&#39;s in percentages.</p>";1;"<p>It looks messy, too many names.</p>";"<p>I like the different moods! I dislike how messy it can be with so much much information on a small screen.</p>";"<p>I can&#39;t think of how I&#39;d made it better.</p>";"<p>Yes, I like them a lot.</p>";"<p>I find it a useful and a fun idea, and would use them!</p>";5;4;3;"<p>Not really, but I am a&nbsp;little curious about the moods.</p>";"";"";0;0;0;1;0
367,003;2;2;6;"";11;"";3;4;4;4;4;1;1;"";0;0;0;0;0;0;0;1;0;0;0;0;0;0;0;"";3;3;3;4;;;;;0;0;1;0;0;0;0;0;0;0;0;0;0;0;0;0;0;2;2;2;4;4;3;2;2;3;3;4;3;3;3;4;2;2;2;3;3;2;2;2;3;2;3;3;3;3;2;3;4;3;3;3;2;2;3;3;2;4;1;"<p>I think it has the best look at flow to it</p>";2;"<p>does not work the best and looks different</p>";"<p>i like one because it easy to read and three the least cause its hard to know whats going on</p>";"<p>no</p>";"<p>i dont think they were that helpful</p>";"<p>i think it helps tell wyou what typpe of song it is</p>";3;4;4;"<p>nope</p>";"<p>no</p>";"<p>no</p>";0;0;0;1;0
;;;;"";;"";;;;;;;;"";0;0;0;0;0;0;0;0;0;0;0;0;0;0;0;"";;;;;;;;;0;0;0;0;0;0;0;0;0;0;0;0;0;0;0;0;0;;;;;;;;;;;;;;;;;;;;;;;;;;;;;;;;;;;;;;;;;;;"";;"";"";"";"";"";;;;"";"";"";0;1;0;0;0
192,224;2;4;6;"";4;"";2;1;3;4;5;2;3;"";0;0;0;0;1;0;1;0;0;0;1;0;0;0;0;"";;;;;4;3;2;2;0;1;0;1;0;0;1;0;0;1;0;1;0;0;0;0;0;3;3;5;1;4;2;2;1;4;2;5;2;3;1;3;4;1;5;1;2;4;1;2;3;3;3;2;4;2;1;5;5;2;5;5;1;2;5;3;4;2;3;"<p>i like the interface</p>";1;"<p>i dont like the interface</p>";"<p>the interface</p>";"<p>no</p>";"<p>i feel good</p>";"<p>its very good&nbsp;</p>";1;4;2;"<p>no</p>";"<p>no, its all good</p>";"<p>n/a</p>";0;0;0;1;0
485,874;2;4;6;"";8;"";4;3;4;4;4;1;6;"";1;0;1;1;0;0;0;1;0;0;0;0;0;0;0;"";4;4;4;4;;;;;1;1;1;1;1;0;0;0;1;1;1;0;0;0;0;0;0;3;3;4;3;5;2;4;5;5;1;1;2;5;5;2;2;5;5;3;2;2;1;2;2;5;3;5;2;2;2;5;2;5;4;5;4;4;2;2;2;2;3;"<p>It looks more explanatory and sophisticated, the template is cool</p>";1;"<p>Looks more complex and doesn&#39;t look as good as others</p>";"<p>They are the next level, it makes music more fun to listen to and also to navigate</p>";"<p>N/A</p>";"<p>yes they were</p>";"<p>It is lovely, i think others will love it too</p>";5;5;5;"<p>No</p>";"<p>N/A</p>";"";0;0;0;1;0
;2;3;6;"";4;"";3;4;4;4;4;1;2;"";1;0;0;0;0;0;0;1;1;0;0;1;0;0;0;"";;;;;;;;;0;0;0;0;0;0;0;0;0;0;0;0;0;0;0;0;0;;;;;;;;;;;;;;;;;;;;;;;;;;;;;;;;;;;;;;;;;;;"";;"";"";"";"";"";;;;"";"";"";0;0;1;0;0
;2;2;7;"";1;"";;;;;;;;"";0;0;0;0;0;0;0;0;0;0;0;0;0;0;0;"";;;;;;;;;0;0;0;0;0;0;0;0;0;0;0;0;0;0;0;0;0;;;;;;;;;;;;;;;;;;;;;;;;;;;;;;;;;;;;;;;;;;;"";;"";"";"";"";"";;;;"";"";"";0;0;1;0;0
;2;4;6;"";10;"Aviation";5;5;5;5;5;1;3;"";1;1;1;0;0;0;0;0;0;0;0;0;0;0;0;"";4;4;4;4;;;;;0;0;0;0;0;0;0;0;0;0;0;0;0;0;1;0;1;;;;;;;;;;;;;;;;;;;;;;;;;;;;;;;;;;;;;;;;;;;"";;"";"";"";"";"";;;;"";"";"";0;0;1;0;0
997,393;1;1;6;"";4;"";2;5;5;5;5;1;2;"";0;0;0;0;0;0;0;1;0;0;1;0;1;0;0;"";5;5;3;3;;;;;0;1;1;1;0;0;1;0;1;1;0;1;0;0;0;0;0;4;5;1;3;1;4;2;4;2;4;1;5;5;4;5;1;5;1;5;1;4;1;5;1;5;3;5;5;5;1;5;2;5;1;5;1;5;1;5;2;5;2;"<p>I like this design the most because the percentages are clear to see and it matches the spotify color scheme&nbsp;</p>";1;"<p>I don&#39;t neccessarily dislike it , it just isn&#39;t as nice as the other two .</p>";"<p>I like the categories of music that they have , and the percentages&nbsp;</p>";"<p>I would made the interface 2 ( the one i like the most ) , a dark version of what is shown. Like black background and green percentages .</p>";"<p>yes , it was what i liked the most out of the new design&nbsp;</p>";"<p>&nbsp;I would most def use moods for recommendation , because it seems super cool&nbsp;</p>";4;4;5;"<p>no</p>";"<p>not that i can think of&nbsp;</p>";"";0;0;0;1;0
;;;;"";;"";;;;;;;;"";0;0;0;0;0;0;0;0;0;0;0;0;0;0;0;"";;;;;;;;;0;0;0;0;0;0;0;0;0;0;0;0;0;0;0;0;0;;;;;;;;;;;;;;;;;;;;;;;;;;;;;;;;;;;;;;;;;;;"";;"";"";"";"";"";;;;"";"";"";0;1;0;0;0
;2;3;6;"";4;"";5;3;3;4;4;1;6;"";0;0;1;0;0;0;0;0;0;0;0;0;0;0;0;"";2;4;3;3;;;;;1;0;0;0;0;0;0;0;0;0;0;0;0;0;0;0;0;2;4;3;4;4;4;4;5;5;4;4;4;3;3;3;4;4;3;2;3;2;3;3;4;3;2;5;5;2;4;4;2;3;2;3;4;5;4;3;3;5;2;"";3;"<p>SCREEN</p>";"<p>SCREEN</p>";"<p><strong>NO</strong></p>";"<p>GOOD</p>";"<p>GOOD</p>";;;;"";"";"";0;0;1;0;0
;;;;"";;"";;;;;;;;"";0;0;0;0;0;0;0;0;0;0;0;0;0;0;0;"";;;;;;;;;0;0;0;0;0;0;0;0;0;0;0;0;0;0;0;0;0;;;;;;;;;;;;;;;;;;;;;;;;;;;;;;;;;;;;;;;;;;;"";;"";"";"";"";"";;;;"";"";"";0;1;0;0;0
343,393;1;2;7;"";9;"";3;4;3;4;3;1;6;"";0;1;0;0;1;1;0;0;0;0;0;0;0;0;0;"";3;4;5;4;;;;;0;0;1;0;0;1;0;0;1;0;0;0;0;0;0;0;0;4;5;4;2;4;4;5;5;3;3;4;3;4;3;3;4;4;4;5;2;3;3;4;2;2;3;4;3;4;3;4;4;4;4;4;5;2;2;5;2;4;2;"<p>this looks great to me</p>";3;"<p>this is not so great</p>";"<p>features and user friendly .&nbsp;</p>";"";"<p>Yes</p>";"<p>none</p>";4;5;5;"<p>no</p>";"<p>no</p>";"";0;0;0;1;0
;;;;"";;"";;;;;;;;"";0;0;0;0;0;0;0;0;0;0;0;0;0;0;0;"";;;;;;;;;0;0;0;0;0;0;0;0;0;0;0;0;0;0;0;0;0;;;;;;;;;;;;;;;;;;;;;;;;;;;;;;;;;;;;;;;;;;;"";;"";"";"";"";"";;;;"";"";"";0;1;0;0;0
;;;;"";;"";;;;;;;;"";0;0;0;0;0;0;0;0;0;0;0;0;0;0;0;"";;;;;;;;;0;0;0;0;0;0;0;0;0;0;0;0;0;0;0;0;0;;;;;;;;;;;;;;;;;;;;;;;;;;;;;;;;;;;;;;;;;;;"";;"";"";"";"";"";;;;"";"";"";0;1;0;0;0
374,594;2;4;6;"";8;"";2;4;4;5;4;1;6;"";0;0;0;1;0;0;1;0;0;0;0;0;0;1;0;"";5;4;5;4;;;;;0;0;0;0;1;0;0;1;0;1;0;0;0;0;0;0;0;1;4;5;4;2;4;2;4;4;4;2;4;4;1;4;5;5;4;4;4;5;2;4;4;2;4;4;1;5;2;4;2;4;4;4;4;4;4;5;2;4;3;"<p>Interface 3 looks best in terms of aesthetics and presentation</p>";2;"<p>The contrast between colors is too jarring</p>";"<p>I like the detailed presentation as to why something was recommended.&nbsp; I think color choices could be better though</p>";"";"<p>Yes, they were helpful in terms of learning why songs were recommended</p>";"<p>I think it could be helpful in terms of determining what to listen to</p>";5;5;5;"<p>No</p>";"";"";0;0;0;1;0
;2;2;6;"";8;"";2;4;4;4;3;1;3;"";0;0;0;0;0;0;0;0;0;0;1;0;0;1;0;"";4;2;4;4;;;;;1;0;0;0;1;0;0;0;0;1;0;0;0;1;0;0;0;2;4;2;4;2;4;2;4;2;4;2;3;4;2;3;4;2;3;3;3;2;3;2;4;2;3;2;2;4;2;4;2;4;2;4;2;4;2;4;2;4;;"";;"";"";"";"";"";;;;"";"";"";0;0;1;0;0
;;;;"";;"";;;;;;;;"";0;0;0;0;0;0;0;0;0;0;0;0;0;0;0;"";;;;;;;;;0;0;0;0;0;0;0;0;0;0;0;0;0;0;0;0;0;;;;;;;;;;;;;;;;;;;;;;;;;;;;;;;;;;;;;;;;;;;"";;"";"";"";"";"";;;;"";"";"";0;1;0;0;0
235,4;1;4;2;"";6;"";3;4;4;3;4;2;1;"";0;0;1;0;0;0;0;0;0;0;0;0;0;0;0;"";;;;;3;3;4;4;0;0;1;1;1;1;1;1;0;0;0;0;0;0;0;0;0;3;4;3;4;4;5;3;4;4;3;4;3;4;4;4;4;4;3;4;5;3;5;3;4;4;3;3;4;4;4;4;3;4;5;4;3;3;3;3;2;3;2;"<p>na</p>";2;"<p>na</p>";"<p>na</p>";"<p>na</p>";"<p>na</p>";"<p>na</p>";4;3;4;"<p>na</p>";"<p>na</p>";"<p>na</p>";0;0;0;1;0
479,627;2;2;7;"";13;"";2;4;3;4;4;2;2;"";0;1;0;0;0;0;0;1;0;0;1;0;0;0;0;"";;;;;4;4;4;3;0;0;0;0;0;0;1;0;0;0;0;0;0;0;0;0;0;4;4;2;4;2;4;2;4;2;4;2;4;4;4;4;2;4;2;4;2;4;2;4;2;4;3;4;4;4;2;4;2;4;2;4;2;4;2;4;2;4;3;"<p>It was straight to the point of what I was looking for regarding mood/emotions to the songs I would search for.&nbsp;</p>";1;"<p>I don&#39;t recall seeing the list of moods/emotions for the songs in this interface.&nbsp;</p>";"<p>I think the explanations were simple, clear and straight to the point. I quickly understood what was going on. I think what I liked lease was the lack of colors, visuals, and interactive media.&nbsp;</p>";"";"<p>Yes, they were. I appreciated this.&nbsp;</p>";"<p>I think it&#39;s great and I would like to see this in future apps.&nbsp;</p>";4;4;4;"<p>No, it has not.&nbsp;</p>";"";"";0;0;0;1;0
;;;;"";;"";;;;;;;;"";0;0;0;0;0;0;0;0;0;0;0;0;0;0;0;"";;;;;;;;;0;0;0;0;0;0;0;0;0;0;0;0;0;0;0;0;0;;;;;;;;;;;;;;;;;;;;;;;;;;;;;;;;;;;;;;;;;;;"";;"";"";"";"";"";;;;"";"";"";0;1;0;0;0
1026,17;2;2;6;"";8;"";1;5;2;4;2;1;6;"";0;0;1;0;0;0;0;1;0;0;0;0;1;0;0;"";4;4;4;3;;;;;0;0;0;0;0;0;1;0;0;1;0;0;0;0;0;0;0;2;5;2;4;2;4;2;5;1;4;1;4;5;2;5;1;4;1;4;1;4;1;5;1;4;3;5;1;4;1;4;1;5;1;5;1;5;1;4;2;5;2;"<p>It is pleasing to look at and also easy to understand</p>";1;"<p>It is difficult to understand unlike the other two.</p>";"<p>I like that it explains the with percentages to give a better context.</p>";"";"<p>Yes they were helpful.</p>";"<p>Using moods for recommendations meets the needs of the user</p>";5;5;5;"<p>Music recommendations are a good way to discover sounds similar to what you like. Music recommendations are important to me.</p>";"";"";0;0;0;1;0
528,786;1;2;6;"";4;"";2;4;4;4;2;1;3;"";0;0;1;0;0;0;0;0;0;0;1;0;0;1;0;"";4;4;4;2;;;;;0;1;1;0;1;0;1;0;0;1;1;1;0;0;0;0;0;1;2;2;2;2;2;4;3;2;4;2;3;2;1;4;4;4;4;4;2;4;2;4;2;3;3;3;1;4;2;4;4;4;2;4;2;5;2;4;2;4;3;"<p>You can see why it was chosen just by looking at the bars, no reading or comparing numbers.</p>";1;"<p>Boring and not much information</p>";"<p>I like that it explains why those songs were chosen. I don&#39;t want to take extra time to read explanations or compare numbers.&nbsp;</p>";"<p>Maybe too many categories in 2 and 3.</p>";"<p>I wasn&#39;t sure about what some of them meant. And music makes people feel different things.&nbsp;</p>";"<p>I think it could be a positive idea.</p>";5;4;3;"<p>no</p>";"<p>no</p>";"";0;0;0;1;0
892,323;1;2;6;"";13;"";2;4;4;4;4;1;6;"";0;0;0;0;0;0;0;0;0;1;1;0;0;1;0;"";4;3;4;4;;;;;0;1;0;0;1;0;1;1;1;1;0;0;0;0;0;0;0;3;4;2;4;3;4;2;3;2;4;2;4;4;3;4;2;4;3;4;2;4;2;3;2;4;3;4;3;4;2;4;2;4;2;4;2;4;2;4;2;4;3;"<p>Because I like the colors they used and the bars give a better visual idea of the percentages.</p>";1;"<p>it is too simple.</p>";"<p>I like that they explain me exactly why they are recommending every song but I dont like that it takes the whole screen</p>";"";"<p>Yes they were very helpful</p>";"<p>I like it because if you are happy you would like to listen to happy music.</p>";4;4;4;"<p>No, I still think they are important</p>";"";"";0;0;0;1;0
;;;;"";;"";;;;;;;;"";0;0;0;0;0;0;0;0;0;0;0;0;0;0;0;"";;;;;;;;;0;0;0;0;0;0;0;0;0;0;0;0;0;0;0;0;0;;;;;;;;;;;;;;;;;;;;;;;;;;;;;;;;;;;;;;;;;;;"";;"";"";"";"";"";;;;"";"";"";0;1;0;0;0
;;;;"";;"";;;;;;;;"";0;0;0;0;0;0;0;0;0;0;0;0;0;0;0;"";;;;;;;;;0;0;0;0;0;0;0;0;0;0;0;0;0;0;0;0;0;;;;;;;;;;;;;;;;;;;;;;;;;;;;;;;;;;;;;;;;;;;"";;"";"";"";"";"";;;;"";"";"";0;1;0;0;0
663,936;2;3;7;"";1;"";4;4;5;4;5;1;6;"";1;0;1;1;0;0;0;0;0;0;0;0;0;0;0;"";5;4;4;5;;;;;0;0;1;0;1;0;1;0;1;0;0;0;0;0;0;0;0;5;4;4;5;4;4;4;5;4;5;5;4;4;5;4;5;4;4;4;4;4;4;4;5;5;3;4;4;4;5;4;3;5;5;4;5;3;4;4;2;5;1;"<p>it is easy to play the song.</p>";2;"<p>i don&#39;t use this.</p>";"<p>i like the least interface 3.i will try to use.</p>";"<p>no</p>";"<p>yes,the explanations are good.</p>";"<p>it is a good method and easy to use.</p>";4;5;5;"<p>no</p>";"<p>that is enough.it has also good explanations.</p>";"<p>very interesting</p>";0;0;0;1;0
730,113;2;3;6;"";11;"";1;5;4;5;5;1;1;"";0;0;0;0;0;0;0;0;0;0;0;0;0;1;0;"";4;5;4;4;;;;;0;0;1;0;0;0;0;1;0;1;0;0;0;0;0;0;0;2;3;2;2;1;1;5;2;2;2;4;1;2;2;4;1;4;2;4;1;4;1;4;2;4;3;4;2;5;1;5;1;5;1;4;1;5;1;5;2;5;3;"<p>I prefer the quick graphical interface. It is nice to look at, easy to understand, and has the info I would be looking for. I also like option 2, but not as much as option 3.</p>";1;"<p>Doesn&#39;t have the info I would be looking for, or is harder to find.</p>";"<p>Dislike is the one that would change the page. Like is ones that just show a pop up type of interface.</p>";"";"<p>yes, because sometimes you are in a mood for certain music.</p>";"<p>I think it&#39;s fair. I htink mood has a lot to do with the music you want to listen to. Who wants to listen to a sad song when they are in high energy moods right.</p>";5;4;4;"<p>has not changed.</p>";"";"";0;0;0;1;0
635,75;2;3;7;"";8;"";5;4;4;4;4;1;6;"";0;1;1;1;0;0;0;0;0;0;0;0;0;0;0;"";4;3;4;4;;;;;0;1;1;1;0;0;0;0;0;0;0;0;0;0;0;0;0;3;4;3;3;3;3;4;3;2;4;3;3;3;3;2;3;4;3;3;4;4;3;3;3;3;3;4;3;3;3;2;2;4;3;3;3;3;3;4;2;3;2;"<p>it will be more attractive</p>";1;"<p>it is not attractive.</p>";"<p>i love the interface.</p>";"";"<p>it is very helpful</p>";"<p>it is very interesting</p>";3;4;4;"<p>no it remains same</p>";"";"";0;0;0;1;0
;1;2;6;"";10;"transportation and logistics";2;5;4;4;3;2;6;"";1;0;0;0;1;0;0;0;0;0;0;0;1;0;0;"";;;;;2;3;4;5;0;0;1;0;1;0;1;0;0;0;0;1;0;0;0;0;0;4;4;2;4;2;4;2;4;4;3;2;4;4;4;4;2;4;2;4;2;4;4;4;2;4;3;4;4;4;2;4;2;4;2;4;3;5;2;4;1;5;;"";;"";"";"";"";"";;;;"";"";"";0;0;1;0;0
