closetim;starttim;difftime;s_2;s_3;s_6;s_1;s_8;s_4;s_262;s_263;s_259;s_260;s_261;s_257;s_15;s_5;s_21_1;s_21_2;s_21_3;s_21_4;s_21_5;s_21_6;s_21_7;s_21_8;s_21_9;s_21_10;s_21_11;s_21_12;s_21_13;s_21_14;s_21_15;s_7;s_256;s_235;s_236;s_237;s_227;s_228;s_229;s_230;s_24_1;s_24_2;s_24_3;s_24_4;s_24_5;s_24_6;s_24_7;s_24_8;s_24_9;s_24_10;s_24_11;s_24_12;s_24_13;s_24_14;s_24_15;s_24_16;s_24_17;s_159;s_160;s_161;s_164;s_165;s_166;s_167;s_163;s_179;s_170;s_171;s_172;s_173;s_180;s_181;s_182;s_183;s_184;s_185;s_186;s_187;s_188;s_189;s_190;s_191;s_192;s_193;s_194;s_195;s_196;s_197;s_198;s_199;s_200;s_201;s_202;s_203;s_204;s_205;s_206;s_207;s_175;s_135;s_178;s_136;s_71;s_137;s_177;s_240;s_85;s_86;s_97;s_70;s_72;s_73;statc_1;statc_2;statc_3;stato_1;stato_2;stato_3;stato_4;stato_5
2020-05-11 16:07:40;2020-05-11 15:57:53;586,256;2;2;6;"";8;"";1;5;5;5;5;1;6;"";0;0;0;1;0;0;0;1;0;1;0;0;0;0;0;"";5;4;1;1;;;;;1;0;1;0;1;0;1;0;1;1;0;1;0;0;0;0;0;4;5;2;3;5;5;1;4;1;4;2;4;4;4;5;2;4;5;5;1;4;1;4;2;4;3;4;4;5;2;3;4;4;2;4;4;5;2;4;2;4;2;"<p>Because the information is easy to read and understand</p>";3;"<p>It uses too many colors that are hard to understand</p>";"<p>The level of details let you understand whats behind of those suggestions but I still believe it uses too many words to explain something that most people wont be able to understand&nbsp;</p>";"";"<p>Yes, kind of useful to choose which song would you like to listen depending on your mood.</p>";"<p>I woulddnt use it personally, since I just shuffle between songs and see which one fits my current mood and music tastes.</p>";5;1;1;"<p>No.</p>";"";"";1;1;0;0;0;0;1;0
2020-05-11 19:15:11;2020-05-11 19:00:20;891,247;2;5;4;"";8;"";1;5;4;4;2;1;7;"";1;1;0;0;1;0;0;0;1;0;0;1;0;1;0;"";4;4;3;2;;;;;0;0;0;0;1;0;0;0;0;0;0;0;0;0;0;0;0;4;2;3;3;2;2;3;2;3;2;3;2;3;4;2;5;2;5;2;3;2;5;2;5;2;3;3;4;2;5;2;5;3;4;2;4;2;4;2;2;3;1;"<p>It&#39;s uncluttered and easier to read.&nbsp;&nbsp;</p>";2;"<p>Way too Busy and detailed.</p>";"<p>I like how it is easy to read in interface1.</p>";"";"<p>no</p>";"<p>Some people may like it, I personally do not care for it.</p>";4;4;2;"<p>no</p>";"<p>none</p>";"";1;1;0;0;0;0;1;0
;2020-05-11 17:14:34;;2;1;6;"";6;"";4;5;4;4;4;1;6;"";0;0;0;0;1;0;0;0;0;0;0;0;0;1;0;"";5;4;4;4;;;;;0;0;1;0;1;0;0;1;0;0;1;0;0;0;0;0;0;4;5;3;4;4;3;2;4;2;3;2;4;4;4;2;2;3;4;3;3;2;4;2;2;3;3;3;;;;;;;;;;;;;;;;"";;"";"";"";"";"";;;;"";"";"";0;0;0;0;0;1;0;0
2020-05-11 20:51:58;2020-05-11 20:18:40;1997,877;1;3;6;"";10;"homemaker";2;4;5;5;5;1;1;"";0;0;0;0;0;0;0;0;0;0;1;0;0;1;0;"";4;4;5;4;;;;;0;0;1;0;1;0;1;0;0;1;1;0;0;0;0;0;0;5;2;1;1;1;1;5;1;5;1;5;1;1;5;5;4;3;2;3;3;4;2;5;1;4;3;4;5;5;2;3;2;5;2;5;2;5;2;5;2;4;3;"<p>I like Interface 3 the best because it&#39;s easier to see graphically without having to look at numbers. It&#39;s just right there and you can see the comparisons without using your brain too much.</p>";1;"<p>Interface 1 is my least favorite because it doesn&#39;t give you a &quot;why&quot; option.</p>";"<p>I like the graphic with colors and bars because it&#39;s easy to see and compare quickly. Though I feel like Interface 2 shows more of an &quot;exact&quot; reason with the percentages. The one I like the least is the one that doesn&#39;t have a &quot;why&quot; option.</p>";"<p>I don&#39;t necessarily like WHAT they are&nbsp;comparing. If we could customize what the &quot;why&#39;s&quot; that would be even better.</p>";"<p>They were kind of helpful. I wish there was an option to customize that part.</p>";"<p>I think it&#39;s a good idea! I wish there were some different moods listed...like perhaps energy and danceability or something along those lines.</p>";4;4;3;"<p>They haven&#39;t changed...I always thought they&#39;d be a good idea.</p>";"<p>Being able to customize the different explanations would be great.</p>";"<p>Good idea!</p>";1;1;0;0;0;0;1;0
2020-05-11 16:11:15;2020-05-11 16:08:35;160,03;2;2;4;"";4;"";3;4;5;2;1;1;2;"";1;0;0;0;0;0;0;0;0;0;0;0;0;0;0;"";3;5;2;4;;;;;0;0;1;1;0;0;0;0;0;0;0;0;0;0;0;0;0;4;5;4;1;3;2;4;4;4;2;3;4;4;2;2;3;2;5;5;4;4;1;3;4;1;3;1;4;4;4;4;4;5;4;4;4;4;4;4;4;4;2;"<p>lknlnnll l ll ljlnlblk&nbsp; &nbsp;jl bnlbl&nbsp;&nbsp;</p>";1;"<p>knkl;nn;ln ;; n</p>";"<p>n;nm;</p>";"<p>ok[[[p</p>";"<p>;ok[m&#39;m&#39;</p>";"<p>kln;nm;m;n;n</p>";5;4;3;"<p>.n.nnn;nnn;/</p>";"<p>.m;;m;m;m/mm/mm</p>";"<p>m/lm/m/.m&nbsp; m/m/m/ / /&nbsp; &nbsp;//m/m&#39;m&#39;m</p>";1;1;0;0;0;0;1;0
2020-05-11 17:31:08;2020-05-11 17:12:31;1117,966;1;1;6;"";9;"";1;4;4;4;5;1;2;"";1;0;0;0;0;0;0;1;0;0;1;1;1;0;0;"";4;4;4;4;;;;;0;1;0;0;1;0;1;1;1;0;0;0;0;0;0;0;0;4;4;2;4;3;4;3;3;2;4;1;4;4;4;4;4;4;3;4;4;4;1;4;1;3;3;4;4;4;1;4;4;4;4;4;4;4;4;4;2;4;1;"<p>The design looks good and easy to understand.</p>";3;"<p>It looks somewhat complex.</p>";"<p>I love the display</p>";"";"<p>They were helpful.</p>";"<p>It is a novel idea.</p>";4;4;5;"<p>My views are the same.</p>";"";"";1;1;0;0;0;0;1;0
2020-05-11 17:55:09;2020-05-11 17:31:21;1428,106;1;2;6;"";10;"scientific research";1;5;5;5;5;1;2;"";0;1;1;1;1;1;0;1;0;1;1;0;0;0;1;"Indie";5;5;3;4;;;;;0;0;1;1;1;0;1;1;0;0;1;0;0;0;0;0;0;5;5;2;5;3;5;1;4;2;4;2;4;5;5;5;2;5;1;5;1;5;1;5;1;5;3;5;5;1;4;2;2;2;5;1;4;1;5;1;2;2;2;"<p>Personally I like when there is numerical data to guide my thoughts. I am able to differentiate easily between different elements. Seeing the percentages, allows me to actually fully understand why the recommendation was made, i dont have to assume nor do I need to look for more information as everything i need is giving to me.&nbsp;</p>";3;"<p>interface 3 is aesthetically pleasing but the bar graph being used is not helpful its a bit confusing. Since it doesnt have the numerical data to go along with it i am clueless as to what the bar truly mean. i understand the length is suppose to represent something but the something i dont understand. too confusing and too much assumptions going into it.&nbsp;</p>";"<p>I like that i am being guided through the recommendation with intention and reason. I am able to understand and actually know why the recommendation was giving. I also believe i am learning about my own music taste. A guided easy process.&nbsp;</p><p>&nbsp;</p><p>What i like the least is the multi step to reach the explanation, maybe if one has the option of hovering over the song and a pop up explanation giving with the option of clicking for more information</p>";"<p>what i mentioned above, hovering over with a quick summary, giving the user the option of clicking for more information. that will allow the user to stay in the same screen with the recommended songs in the background still visible.</p>";"<p>Yes! i actually used the &#39;mood&#39; section @ spotify multiple times a day to pick up me energy, specially when im feeling sleepy or tired. Knowing the mood is essential for some users.</p>";"<p>i love it! i am all for it. the mood section is a multi purpose element that will help many guide their day. I am avid mood booster in spotify, the mood sets the vibe for the rest of the day.&nbsp;</p>";5;5;3;"<p>Not much, i thought it was important but now i see that perhaps its an integral part of recommendation and explanations. brought forth valuable reasons as to why recommendations should be explained a bit more.</p>";"<p>hover over and allow the consumer to decide if they want to read more about the recommendation.</p>";"<p>everything was easy to understand and apply. Very fun and engaging survey.&nbsp;</p>";1;1;0;0;0;0;1;0
;2020-05-11 16:58:33;;2;5;6;"";10;"construction";1;5;4;4;4;1;1;"";0;0;1;0;0;1;0;0;0;0;0;0;0;1;0;"";5;5;5;4;;;;;0;1;1;0;1;0;1;1;1;0;1;0;0;0;0;0;0;2;3;2;5;2;3;1;4;2;4;2;4;3;4;4;2;4;2;5;1;5;1;4;1;4;3;5;5;5;1;5;1;5;1;5;1;5;1;5;2;5;;"";;"";"";"";"";"";;;;"";"";"";0;0;0;0;0;1;0;0
2020-05-11 16:03:50;2020-05-11 15:56:45;425,627;2;3;6;"";8;"";4;1;5;3;4;1;1;"";0;0;0;0;0;0;0;1;1;0;0;0;1;0;0;"";3;4;5;2;;;;;1;0;1;0;1;0;1;0;0;0;0;0;0;0;0;0;0;1;4;4;4;4;4;3;5;1;3;5;1;5;5;1;2;4;3;4;2;1;1;4;2;2;3;2;1;4;5;2;3;1;3;3;3;5;2;5;3;1;2;"<p>i like it because it rates the emotions</p>";1;"<p>it&nbsp; does not contain much interface</p>";"<p>they are great</p>";"";"<p>yes very helpful</p>";"<p>the type of music and the best mood to listen to the music</p>";4;5;2;"<p>no</p>";"";"";1;1;0;0;0;0;1;0
2020-05-11 16:12:26;2020-05-11 16:01:16;669,256;1;3;6;"";10;"nonprofit";1;3;5;5;5;1;3;"";0;0;0;0;0;0;0;1;0;0;1;0;0;1;1;"Indie";4;5;4;3;;;;;0;0;0;0;1;0;1;0;0;1;1;0;0;0;0;0;0;5;1;2;2;1;1;4;2;1;4;1;2;2;4;3;5;3;3;4;1;4;1;4;4;4;3;4;5;5;1;5;1;5;4;4;1;5;1;5;2;5;3;"<p>It shows you why these would be similar in your reccomendation</p>";1;"<p>It doesn&#39;t really give any specifics as to how the recommendations were chosen</p>";"<p>I like how color is used to distingiush between the different attributes in number 3</p>";"<p>None</p>";"<p>Yes because if I am feeling a certain way then these would be songs that would also be what I would want to listen to</p>";"<p>I like how it can recommend songs based on your mood from another song</p>";5;5;3;"<p>No I still think that it is an okay option but not a make or break for me</p>";"<p>none</p>";"<p>none</p>";1;1;0;0;0;0;1;0
2020-05-11 16:31:42;2020-05-11 16:19:29;732,707;1;3;4;"";6;"";1;4;5;5;5;1;1;"";0;1;0;0;0;0;0;1;0;0;0;0;0;1;0;"";5;3;4;4;;;;;0;0;0;0;1;0;1;0;0;1;0;0;0;0;0;0;0;5;5;1;4;1;3;3;4;1;5;1;5;4;5;5;1;4;2;4;2;4;1;3;2;4;3;4;5;5;1;4;1;4;2;4;1;5;1;5;2;4;3;"<p>It&#39;s the most visually appealing and although I appreciate the numbers (percentages), it&#39;s much, much faster to process the comparisons using the graphic bars in Interface 3.</p>";1;"<p>I mean, because of my familiarity with the artists, I can easily see why they&#39;re recommended, but in an instance where I wasn&#39;t, it wouldn&#39;t tell me much.</p>";"<p>Like how quickly I can see the explanation in 3, dislike how long it takes in 2.</p>";"<p>Can&#39;t think of anything.</p>";"<p>Yes, especially in terms of joy or peaceful.</p>";"<p>I think they can be really useful, especially for those days where you know how you feel but don&#39;t know what in particular you want to listen to and want this kind of guidance.</p>";5;4;4;"<p>Not really.</p>";"<p>Nothing to add.</p>";"<p>N/A</p>";1;1;0;0;0;0;1;0
2020-05-11 16:12:51;2020-05-11 16:05:28;442,306;2;3;7;"";6;"";1;5;5;5;5;1;1;"";0;0;0;0;0;0;0;1;0;0;1;0;0;1;0;"";5;5;2;2;;;;;0;0;0;0;1;0;0;0;0;1;1;0;0;0;0;0;0;4;4;1;4;1;4;1;4;1;4;1;4;4;5;5;1;5;1;5;1;4;1;5;1;5;3;5;5;5;1;5;1;5;1;5;1;4;1;5;2;5;2;"<p>I like that it seperates everything out and uses percentages.</p>";1;"<p>It doesn&#39;t contain as much information.</p>";"<p>I like that it breaks it down in numbers, but I like the amount of categories the least.</p>";"";"<p>It is useful because I will pick a song based on mood.</p>";"<p>I like them.</p>";5;5;5;"<p>no</p>";"";"";1;1;0;0;0;0;1;0
2020-05-11 16:21:43;2020-05-11 16:06:51;891,92;1;3;7;"";6;"";2;4;4;4;4;2;7;"";0;0;1;0;0;0;0;0;0;0;0;0;1;0;1;"oldies";;;;;4;4;2;2;0;0;1;0;1;0;1;0;1;1;1;1;0;0;0;0;0;2;2;3;2;2;2;4;2;4;2;4;2;2;2;4;2;4;2;4;2;5;1;4;2;4;3;4;2;4;2;3;2;4;2;4;2;4;3;3;2;3;2;"<p>I like numbers and data so this appeals to me.</p>";1;"<p>I don&#39;t understand it.</p>";"<p>I like that 2 gives data.&nbsp; 3 is ok but a little more vague.&nbsp; I do not like 1 at all.</p>";"";"<p>Somewhat.&nbsp; They are interesting and might help select songs.</p>";"<p>I think it is a good idea.&nbsp; Music is often used to affect mood so this could be useful.</p>";5;5;2;"<p>no</p>";"";"";1;1;0;0;0;0;1;0
2020-05-11 17:28:07;2020-05-11 17:09:25;1122,824;2;5;7;"";10;"Security";4;4;2;3;2;3;3;"";0;0;0;0;1;0;0;0;0;0;0;0;0;1;0;"";;;;;;;;;0;0;0;0;0;0;0;0;0;0;0;0;0;0;0;0;0;4;4;3;4;2;4;2;4;4;4;2;4;4;4;4;2;4;2;4;2;4;2;4;2;4;3;4;4;4;2;4;2;4;2;3;2;4;2;4;2;4;3;"<p>First of all I like the colors and the bar graph type interface. It makes it easy to understand.&nbsp; In Interface 2. I see the numbers, but it is not as easy to understand as interface 3.&nbsp; I am usually a numbers person, but in this case the bars make it easy to see quickly.&nbsp; To get a full picture of interface 2, I would have to read a lot of numbers.&nbsp; Interface 3 is right there and easy to read for understanding.&nbsp;</p>";1;"<p>This really tells me nothing. All I have is a list of recommended songs and I don&#39;t know why.&nbsp; &nbsp;</p>";"<p>I am not sure where it gets it&#39;s &#39;Moods&#39; explanation.&nbsp; I like a lot of different songs and many have different moods. So I am not sure how it comes to it&#39;s conclusions.&nbsp; But I do like the fact that you can add any of these recommendations to your play list.&nbsp;</p>";"<p>I haven&#39;t used something like this, so I couldn&#39;t give a good opinion on design changes.&nbsp; I am an older consumer, so I would like anything that would make it simpler for me to use.&nbsp;</p>";"<p>They could have been if I had some idea as to how they were arrived at.&nbsp; Seems like they were picked at random.&nbsp;</p>";"<p>It could work if there was some explanation as to how the &#39;Moods&#39; worked.&nbsp; I am not sure where they got it from.</p>";4;4;4;"<p>Not really, because as previously stated, I don&#39;t know how they got the mood explanations.</p>";"<p>Explain the moods ratings.</p>";"<p>Good survey.&nbsp; Makes me think about trying one of these services.</p>";1;1;0;0;0;0;1;0
;2020-05-11 16:11:05;;1;5;7;"";10;"editing";2;4;4;5;4;1;1;"";0;1;0;0;0;0;0;0;1;0;0;0;0;1;0;"";3;4;3;4;;;;;0;0;1;0;1;1;1;0;1;0;1;1;0;1;0;0;0;;;;;;;;;;;;;;;;;;;;;;;;;;;;;;;;;;;;;;;;;;;"";;"";"";"";"";"";;;;"";"";"";0;0;0;0;0;1;0;0
2020-05-11 16:28:00;2020-05-11 16:09:35;1104,52;1;5;4;"";2;"";1;4;4;4;4;1;3;"";0;0;1;0;0;0;0;0;1;1;0;0;0;0;0;"";4;4;3;3;;;;;0;0;0;0;0;0;0;1;1;1;0;0;0;0;0;0;0;4;4;2;2;2;2;3;3;2;3;3;3;3;4;4;2;4;2;4;2;4;2;4;2;4;3;4;4;5;2;4;2;4;2;4;2;5;2;4;2;5;3;"<p>I like it because the graph is easy to look at and understand.&nbsp; The second one is ok, but it looks cluttered.&nbsp; The third one, that I prefer, is really easy and sleek.</p>";2;"<p>It&#39;s too messy and cluttered.&nbsp; Too many numbers.</p>";"<p>I like the idea that they are considering moods.&nbsp; I don&#39;t have anything I like the least, except all the numbers on the second one.</p>";"<p>no</p>";"<p>Yes.&nbsp;&nbsp;</p>";"<p>I think it&#39;s a unique idea.&nbsp; I like it!&nbsp; It&#39;s a good approach!</p>";4;4;4;"<p>I think this made me think differently about recommendations.&nbsp; I never thought about &quot;mood&quot; recommendations before.&nbsp; I would use this!</p>";"";"";1;1;0;0;0;0;1;0
2020-05-11 16:46:25;2020-05-11 16:31:47;877,643;2;2;6;"";6;"";1;5;4;5;5;1;1;"";0;0;0;1;0;0;0;1;0;0;1;0;0;0;0;"";4;5;3;1;;;;;0;0;0;0;0;0;0;0;0;0;0;0;0;0;1;0;0;4;5;1;5;1;4;3;3;1;5;1;4;5;4;4;4;3;4;5;2;4;1;3;2;3;3;4;4;3;4;3;4;4;3;4;3;4;3;3;2;3;1;"<p>I dont really need to know the exact reason for the recommendation. I have a general idea in my head and the others explanations seem unneccesary.</p>";2;"<p>I think numbers are easy for me to understand and it allows me to do it quickly.</p>";"<p>I dont like the bars in number 3, its harders to quickly understand. I like number 1 because I dont have to think or interpret anything, just play music that is similar.</p>";"";"<p>Not really, I would just go with the overall score if anything, the breakdown seems unneccsary.</p>";"<p>I just think its unneccsary, interface 1 is more than sufficient to me, anything more I probably wouldnt use.</p>";5;3;2;"<p>no</p>";"";"";1;1;0;0;0;0;1;0
2020-05-11 16:06:52;2020-05-11 15:56:31;620,767;2;2;4;"";6;"";1;5;4;4;3;1;1;"";0;0;0;1;0;0;0;1;0;0;0;0;0;0;0;"";5;3;3;4;;;;;0;0;1;0;0;0;1;0;0;0;0;0;0;0;0;1;0;4;3;1;2;1;2;4;2;4;3;3;2;2;4;5;1;5;1;5;1;5;1;5;1;5;3;5;4;2;4;2;2;3;3;3;5;3;5;2;2;2;2;"<p>1 offers little information, and 3 is a mess. 2 is actually something I could see using and enjoying,&nbsp;</p>";3;"<p>It&#39;s such a confusing pile of shapes, I can barely differentiate. I&#39;d rather prefer no explanation than such a visually confusing one.&nbsp;</p>";"<p>I like the attempt to explain, it seems weird all the number %s are so low though the bars are quite full.&nbsp;</p>";"<p>3 needs a complete overhaul. Maybe bars and a number?</p>";"<p>Yes though&nbsp; Icared more about how much they matched rather than the moods themselves.&nbsp;</p>";"<p>It makes a lot of sense, I often want to build a playlist based on mood. Such as an energetic biking playlist.&nbsp;</p>";5;4;3;"<p>I suppose I&#39;m more aware of it, didn&#39;t have an opinion but would have been positive.&nbsp;</p>";"<p>Nope.</p>";"<p>I don&#39;t particularly care how the match was made if the matches are good but it is nice information to have.&nbsp;</p>";1;1;0;0;0;0;1;0
2020-05-11 16:45:05;2020-05-11 16:33:00;724,913;1;1;6;"";1;"";3;4;2;5;4;1;3;"";0;1;0;0;0;0;0;0;0;0;1;0;0;0;1;"Showtunes/Broadway";2;3;4;4;;;;;0;0;0;1;1;0;1;1;0;1;0;0;0;0;0;0;0;4;2;4;1;1;2;5;2;5;1;5;2;2;4;5;1;5;1;5;1;4;1;5;1;5;3;5;4;4;4;4;2;4;1;4;2;4;4;4;2;3;2;"<p>Interface 1 seems useless. I do not understand why any of the songs are on the recommended playlist. Interface 2 gives you numerical values as to why a song is presented, whereas Interface 3 gives visual representation. While Interface 3 might be more visually pleasing, I am definitely a numbers person and find comfort and understanding in the design and function of Interface 2.&nbsp;</p>";1;"<p>This one seems useless in figuring out why a song is being recommended.&nbsp;</p>";"<p>While I enjoy the mood element of the recommendations, I do think there are other important qualities (such as the ones I selected in the first part of this survey) that could be calculated into recommendations and given a score. What about style, tempo, etc.?</p>";"<p>I would let the user select which of the explanations to put in their own &quot;why&quot; section. For example, if I don&#39;t care about transcendence, I could remove it from the list and only be presented with what I am interested in seeing similarities for. This would make it a little less overwhelming to look at and help pinpoint similar music experiences.&nbsp;</p>";"<p>Definitely helpful! I would love to use a recommendation service like either of those Interfaces.</p>";"<p>I want Spotify to update its recommendation system immediately! More transparency, please!! This was a very enlightening experience.&nbsp;</p>";5;5;5;"<p>Not really. I mostly stream classical music for study purposes (I am a professional flutist) but I do see how it could be more helpful if certain things were added/adopted by streaming services.</p>";"<p>Not that I haven&#39;t already mentioned.</p>";"<p>Thanks so much for this survey!</p>";1;1;0;0;0;0;1;0
2020-05-11 17:40:16;2020-05-11 17:35:54;262,027;2;2;7;"";13;"";5;3;5;4;1;1;1;"";1;1;0;1;0;0;0;0;0;0;0;0;0;0;0;"";5;4;5;3;;;;;1;0;1;0;1;0;0;0;0;0;0;0;0;0;0;0;0;4;1;1;2;4;1;4;2;3;3;5;1;3;5;5;3;1;3;5;1;2;2;5;1;5;3;4;1;2;1;1;2;1;3;3;2;4;4;4;2;5;3;"<p>I like how graphical it is!&nbsp;</p>";1;"<p>It&#39;s too boring and basic</p>";"<p>I like the design the most</p>";"";"<p>Yes</p>";"<p>good tool</p>";4;3;1;"<p>No</p>";"<p>No</p>";"";1;1;0;0;0;0;1;0
2020-05-11 16:36:05;2020-05-11 16:17:35;1110,373;1;4;2;"";10;"office support (self employed)";1;5;5;4;3;1;7;"";0;1;0;0;1;0;1;0;1;0;0;0;0;1;0;"";2;2;5;5;;;;;1;0;1;0;0;0;1;0;0;1;1;1;0;1;0;0;0;5;4;1;1;1;3;4;1;1;3;4;1;1;5;5;1;5;1;5;1;5;1;5;1;5;3;5;5;3;1;3;1;5;2;5;2;3;3;4;2;4;2;"<p>I think having percentages makes it much easier to compare qualities than having a visual &quot;bar graph&quot; type explanation. It&#39;s more precise and clearer than 3, and has more information than 1. It would make the reasoning for recommending those songs very apparent, and it has a cleaner look as well.</p>";1;"<p>It gives no information! All it says, as far as I can see is that it&#39;s based on my playlist, but that&#39;s it. It gives no reason why that I can see, and leaves the user in the dark.Am I missing something?</p>";"<p>I think it&#39;s a great idea in general to provide reasons why a song is recommended, as platforms in general often make recommendations that seem to make little or no sense. The least of course is that one of the above gives no explanation whatsoever, but outside of that, I do like the systems proposed above.</p>";"<p>No actual design changes per se, but wondering if there could be a way for users to rate songs on the given metrics. For example, some may find &quot;Message in a Bottle&quot; cerebral, whereas some may not. In addition, some may listen to it for its cerebral nature, and some for the vocals, some for the beat, some for the time period it was made (nostalgia) etc. Maybe having a &quot;what do you like about this song/playlist?&quot; in a user&#39;s playlist would help make more personalized, accurate recommendations?</p>";"<p>They were indeed, although as I said, two people may listen to the same song for different reasons, and some may see a quality in a song that another may not. On the whole, though, it is an improvement over the &quot;in the dark&quot; method of just saying &quot;based on your playlist&quot; or &quot;because you listened to x song&quot;</p>";"<p>Interesting! Wish this could expand to video platforms like Netflix and Prime. Their recommendations often make no sense, with little explanation beyond &quot;because you watched X movie&quot;!</p>";5;4;4;"<p>Well, if this system were implemented, I would pay much more attention to recommendations! It&#39;s a royal pain when you don&#39;t know WHY something has been recommended to you, and makes you wary of trying new music simply because the system only says &quot;you&#39;ll like it, trust me&quot; (after having recommended things that are not at all like what you&#39;re listening to by choice!)</p>";"";"";1;1;0;0;0;0;1;0
;2020-05-11 18:52:17;;1;3;6;"";10;"mturk";4;4;4;2;1;1;3;"";0;0;0;0;0;0;0;0;0;0;1;0;0;1;1;"christian";4;4;4;2;;;;;0;0;1;0;0;0;1;0;0;0;0;0;0;0;0;0;0;;;;;;;;;;;;;;;;;;;;;;;;;;;;;;;;;;;;;;;;;;;"";;"";"";"";"";"";;;;"";"";"";0;0;0;0;0;1;0;0
2020-05-11 16:16:28;2020-05-11 16:00:57;930,737;1;4;7;"";9;"";3;4;3;4;3;3;1;"";0;0;0;0;0;1;0;0;0;0;1;0;0;1;0;"";;;;;;;;;0;0;0;0;0;0;0;0;0;0;0;0;0;0;0;0;0;3;3;3;4;4;4;3;4;4;4;3;3;4;4;4;3;3;3;4;3;4;4;3;4;3;4;3;3;4;4;3;3;3;3;4;4;4;3;4;3;4;2;"<p>easy method</p>";3;"<p>dificult</p>";"<p>like interface 2, interface 1 small like</p>";"<p>good</p>";"<p>beautiful mood</p>";"<p>good</p>";4;3;4;"<p>good</p>";"<p>music happy moment is good</p>";"<p>good</p>";1;1;0;0;0;0;1;0
;2020-05-11 15:55:27;;2;3;6;"";8;"";2;4;4;4;3;3;3;"";0;0;1;0;0;0;0;1;0;0;1;0;1;0;0;"";;;;;;;;;0;0;0;0;0;0;0;0;0;0;0;0;0;0;0;0;0;1;4;2;4;4;4;2;4;2;4;2;4;4;1;2;4;2;4;2;4;2;4;2;4;2;3;2;1;2;4;2;4;2;4;2;4;2;4;2;2;2;;"";;"";"";"";"";"";;;;"";"";"";0;0;0;0;0;1;0;0
2020-05-11 16:31:04;2020-05-11 16:19:03;721,657;2;4;6;"";9;"";1;4;4;4;4;1;3;"";0;0;0;0;1;1;0;0;1;0;1;0;0;0;0;"";3;4;4;3;;;;;0;0;1;0;0;1;0;0;0;0;0;0;0;0;0;0;0;5;4;2;3;2;4;2;3;1;3;3;3;4;5;3;4;2;4;4;4;3;2;2;4;3;3;3;5;4;2;3;2;5;2;3;2;4;3;4;2;4;3;"<p>The information it provides via color coding makes each attribute easier to see, and it takes less time to process the information it is conveying without having to spend much time sorting through it.</p>";2;"<p>It is difficult to process the information presented.</p>";"<p>I like how it is able to come up with a good recommendation system based off of Message in a Bottle that I actually like.</p>";"";"<p>A little bit. It made me think somewhat more about how each song would potentially impact me.</p>";"<p>I like it somewhat. I definitely like to use music to suit the mood I&#39;m in or to change the mood I&#39;m in so it has some appeal.</p>";5;3;4;"<p>Somewhat. I have thought more about how a system like this could improve my daily listening.</p>";"";"";1;1;0;0;0;0;1;0
2020-05-11 16:32:49;2020-05-11 16:26:12;396,523;1;2;2;"";6;"";1;5;5;5;5;1;2;"";0;0;0;0;0;0;0;1;0;0;1;0;1;0;0;"";5;5;1;1;;;;;0;0;0;0;1;0;1;0;0;0;0;0;0;0;0;0;0;5;5;1;5;1;5;1;5;5;5;1;5;5;5;5;1;5;1;5;1;5;1;5;1;5;3;5;5;5;1;5;1;5;1;5;1;5;1;5;2;5;1;"<p>I like that the explanation is simple and easy to understand.</p>";3;"<p>It doesn&#39;t have much information and might hard to recommend if you use this one.</p>";"<p>I like they have many options and it is very easy. I don&#39;t like that some of the things are a little complicated.</p>";"";"<p>yes</p>";"<p>about what mood you are in</p>";5;5;5;"<p>no</p>";"";"";1;1;0;0;0;0;1;0
2020-05-11 18:47:48;2020-05-11 18:35:26;742,246;1;4;7;"";12;"";2;4;4;4;4;3;4;"";0;0;0;0;0;1;0;0;0;0;1;0;0;0;0;"";;;;;;;;;0;0;0;0;0;0;0;0;0;0;0;0;0;0;0;0;0;4;4;2;2;2;2;4;2;2;4;2;2;2;4;4;2;4;2;4;2;4;2;3;2;4;3;4;4;5;2;4;2;4;2;4;2;5;2;5;2;4;3;"<p>It presents the information in the most clear and quick-to-understand manner possible. #1 is terrible and I don&#39;t understand it at all, #2 provides the same info as #3 but all the numbers in a long list on either side are distracting and a graph is much easier to understand at a single glance.&nbsp;</p>";1;"<p>It doesn&#39;t give any useful information as far as I can tell.</p>";"<p>I like the list of moods and the ratings for them. I don&#39;t really like anything the least except maybe it would be nice to list the moods in the order that is important to you.</p>";"";"<p>Sort of. I mean, does having consistency between moods of songs make for a good playlist? I&#39;m not convinced. Maybe the user would like some variety.</p>";"<p>It&#39;s kind of interesting. I&#39;d be interested to see whether I personally agree with the values assessed to the moods. If I don&#39;t agree then this feature is really useless.</p>";4;4;3;"<p>Possibly. I like to know that rationale just because I am a curious person. I&#39;ve never seen something like #2 and #3 and am more interested in music recommendations after seeing these.</p>";"<p>Just that you should stick with #3.</p>";"";1;1;0;0;0;0;1;0
2020-05-11 16:09:01;2020-05-11 16:03:00;360,484;2;2;6;"";6;"";2;4;4;4;4;1;1;"";0;0;0;1;1;0;0;1;0;0;1;0;1;0;0;"";4;4;3;3;;;;;0;0;1;0;0;0;1;1;0;0;1;0;0;0;0;0;0;4;4;2;4;2;4;2;3;2;4;2;4;4;3;3;4;2;4;2;4;2;4;2;4;2;3;2;2;2;4;2;4;2;4;2;4;2;4;2;2;2;1;"<p>I liked interface 1 the most because it was the easiest to understand and what i am used to.</p>";2;"<p>I feel like a lot of people are not good with numbers and percentages so it is a bit offputting.</p>";"<p>I liked that it is able to show me additional information if i ever needed it. I think that there was nothing that i really disliked. Additional information is always good.</p>";"<p>None.</p>";"<p>It was helpful because it shows me how i am currently feeling and what else i can listen to do get these same feelings.</p>";"<p>I think it&#39;s interesting but not necessary. There are times i would want to listen to other types of music to change my mood.</p>";4;4;3;"<p>No.</p>";"<p>None</p>";"<p>None</p>";1;1;0;0;0;0;1;0
2020-05-11 19:35:01;2020-05-11 19:19:23;938,71;2;3;7;"";8;"";4;4;5;5;5;1;6;"";1;0;0;0;1;0;0;1;0;0;0;0;0;0;0;"";4;5;5;5;;;;;1;0;1;0;0;0;1;1;0;0;0;0;0;0;0;0;0;4;5;1;4;4;5;2;4;1;5;1;4;4;4;5;2;5;5;5;4;4;3;4;1;4;3;4;4;5;1;2;4;5;1;3;4;4;5;4;2;4;1;"<p>Because it looks simple and self-explanatory</p>";3;"<p>Is bit complicated</p>";"<p>The layout is pleasing</p>";"";"<p>Yes is helpful</p>";"<p>Is really good and it will help to play the music that suit my mood</p>";5;5;5;"<p>No</p>";"";"";1;1;0;0;0;0;1;0
2020-05-11 16:21:47;2020-05-11 16:07:35;851,64;2;3;7;"";9;"";2;5;5;4;5;1;2;"";1;0;1;1;0;0;0;1;0;0;1;0;0;0;0;"";4;5;4;4;;;;;0;1;1;0;0;1;0;0;0;0;0;0;0;0;0;0;0;4;5;5;4;4;4;2;3;1;4;1;3;5;3;5;2;4;3;3;2;4;1;4;1;4;3;5;4;4;3;5;4;2;2;4;5;4;1;5;2;4;1;"<p>looks easy</p>";3;"<p>kinda complex</p>";"<p>i like their designs&nbsp;</p>";"";"<p>soothing sounds&nbsp;</p>";"<p>can&#39;t say</p>";5;4;4;"<p>nope</p>";"";"";1;1;0;0;0;0;1;0
;2020-05-11 16:53:47;;2;4;4;"";6;"";;;;;;;;"";0;0;0;0;0;0;0;0;0;0;0;0;0;0;0;"";;;;;;;;;0;0;0;0;0;0;0;0;0;0;0;0;0;0;0;0;0;;;;;;;;;;;;;;;;;;;;;;;;;;;;;;;;;;;;;;;;;;;"";;"";"";"";"";"";;;;"";"";"";0;0;0;0;0;1;0;0
2020-05-11 16:21:22;2020-05-11 15:57:11;1451,39;2;3;4;"";10;"Agriculture";1;4;4;5;4;1;1;"";1;0;0;0;1;0;0;0;0;0;0;0;0;1;0;"";5;4;4;2;;;;;0;0;0;0;1;0;0;0;0;1;1;0;0;0;0;0;1;5;4;1;2;1;2;4;2;1;2;4;1;2;5;4;1;4;1;5;1;4;1;4;1;4;3;4;5;2;5;2;2;2;2;2;5;4;5;2;2;2;2;"<p>I like interface 2, because it&#39;s easy to understand why the songs are recommended based upon the percentages. Interface 3 is hard to understand what exactly the different color codes are measuring. Interface 1 doesn&#39;t give much information about why something is recommended. I strongly prefer charts and graphs that use precise numbers and percentages such as interface 2.</p>";1;"<p>There is very little feedback as to why the songs are recommended in interface 1. The other 2 options offer information as to why the system is recommending the specific songs. For all I know, interface 1 could be just picking random songs without using any kind of meaningful recommendation technique.</p>";"<p>I like that the 2nd interface uses numbers and percentages to explain why it is recommending certain songs. I like the look of interface 3, but I do not understand the purpose of the colors of the bars. If I was able to understand more easily what the colors represented, it would probably be the 1st pick. I don&#39;t like option 1 because the information about recommendations is extremely lacking in details.</p>";"<p>Interface 2, there should be an option to see the reasoning of the color bars.</p>";"<p>Yes, especially interface 2. It is nice that it displays a numerical reason for why it is recommending based upon the mood of the song.</p>";"<p>I think it is a good option. It would be nice to be able to pick something like uplifting music if that is what I am interested in hearing at the moment, or if I know people around me would be more interested in listening to a particular mood.</p>";4;5;4;"<p>Yes, I always thought of the past that recommendations were based solely upon the genre of music I play the most. I have a better opinion of the explanations knowing that they will take into account the different mood options of different songs.</p>";"<p>No other suggestions, I think the mood options would be a nice option.</p>";"<p>I do wish I would be able to pick a genre, or mood of music and also have the option of avoiding certain artists.</p>";1;1;0;0;0;0;1;0
2020-05-11 16:04:30;2020-05-11 16:01:03;207,09;2;3;6;"";6;"";2;4;3;5;2;2;6;"";0;0;0;1;1;0;0;0;0;0;0;0;0;0;0;"";;;;;2;4;5;3;0;1;0;0;0;0;0;0;0;0;0;0;0;0;0;0;0;4;4;4;2;1;1;3;2;3;5;3;3;1;5;4;3;4;5;3;2;4;2;1;3;2;3;2;2;4;1;5;5;2;2;4;2;2;3;3;2;1;2;"<p>It is the most clean.</p>";1;"<p>It is too busy.</p>";"<p>I like how they are laid out but they could be more simple.</p>";"<p>no</p>";"<p>Yes</p>";"<p>It could be useful.</p>";5;4;2;"<p>no</p>";"<p>no</p>";"<p>na</p>";1;1;0;0;0;0;1;0
2020-05-11 16:09:58;2020-05-11 16:07:41;137,133;2;2;2;"";6;"";3;5;4;4;2;3;3;"";0;0;0;1;1;1;0;0;0;0;1;0;0;1;0;"";;;;;;;;;0;0;0;0;0;0;0;0;0;0;0;0;0;0;0;0;0;5;5;4;4;2;4;4;2;3;5;2;1;3;2;3;4;3;4;2;5;3;2;2;5;2;3;3;2;3;3;2;4;2;4;4;4;3;5;4;5;4;1;"<p>because it has everything you need and seems to be to the point, the others just have too much going on</p>";3;"<p>the bar graphs dont really seem to tell me much at all</p>";"<p>i like that there are different ways for it to be, but i dislike how useless the other 2 seem.</p>";"<p>none</p>";"<p>not really much at all.</p>";"<p>it was an okay survey</p>";5;5;5;"<p>no</p>";"<p>no</p>";"<p>none</p>";1;1;0;0;0;0;1;0
2020-05-11 16:31:44;2020-05-11 16:14:10;1054,56;1;3;4;"";10;"Homemaker";3;4;2;2;2;2;3;"";0;0;0;0;0;0;0;0;0;0;0;0;0;1;1;"80s";;;;;1;2;3;4;0;0;0;0;1;0;0;0;0;0;0;0;0;0;0;0;0;5;5;1;4;1;5;2;4;1;3;2;4;4;5;2;5;1;5;5;2;2;4;2;4;1;3;2;5;2;5;2;4;5;2;3;4;4;3;3;2;3;1;"<p>I like this recommendation interface because it&#39;s less complicated and looks more clean and organized to me. The other two look a bit more complicated and has too much information I wouldn&#39;t be willing to deal with when trying to listen or organize my music lists.</p>";2;"<p>It&#39;s too much information and looks to complicated. I just want something clean, where I can just read it quickly and not have to stop and think about what I am looking at and compare number percentages for my music list.</p>";"<p>I do like that it gives information about why it&#39;s recommending a certain song. I don&#39;t like how a couple of the interfaces look too complicated and too mathematical, if that makes sense.</p>";"";"<p>No, because I don&#39;t believe this system can tell me how a certain song will make me feel, only I can figure that out for myself.</p>";"<p>I don&#39;t agree with it. I think it provides too much information that people don&#39;t really need. Most people understand what mood they get from different types of music already. Most people will be familiar with the songs that are recommended anyway.</p>";5;4;2;"<p>No, it has not changed.</p>";"<p>No suggestions.</p>";"<p>The word, &quot;addition&quot; above, should be changed to &quot;additional&quot;. That is my only comment, thank you so much!</p>";1;1;0;0;0;0;1;0
2020-05-11 16:54:41;2020-05-11 16:40:57;823,746;2;2;6;"";6;"";2;5;5;5;4;1;6;"";0;0;1;0;0;0;0;0;0;0;1;0;1;0;0;"";4;2;4;5;;;;;0;0;0;0;1;0;1;1;0;0;1;0;0;0;0;0;0;5;5;2;4;2;4;1;5;1;4;2;5;4;5;5;1;5;3;5;1;5;1;5;1;5;3;5;3;2;4;2;4;3;4;2;4;3;5;1;2;2;2;"<p>I like this interface best because it provides numerical proofs to buttress the recommended song. It is also well detailed.</p>";3;"<p>This interface looks good but no good enough to make me like it. The graphical bars are not convincing enough and I just feel it is a waste of good screen space.</p>";"<p>I like the clean look of the first interface and I love the detailed values of the second interface. The colors on the third interface looks like a very nice touch.</p>";"";"<p>Yeah, somewhat.&nbsp;</p>";"<p>I think it is cool. I like to know what steps are involved in a process and knowing this is satisfying enough.</p>";4;4;5;"<p>No.</p>";"";"";1;1;0;0;0;0;1;0
2020-05-11 20:28:05;2020-05-11 20:12:27;937,484;3;1;6;"";10;"arts";2;4;4;3;3;2;2;"";0;0;0;1;0;0;1;0;0;0;0;0;0;0;1;"New Wave";;;;;1;2;5;3;0;0;0;0;0;0;0;0;0;0;0;0;0;0;0;0;1;4;1;1;1;1;1;5;1;4;3;5;1;1;4;3;1;1;1;3;4;2;3;2;3;1;3;2;4;4;1;1;1;4;4;2;2;4;3;1;2;2;3;"<p>The criteria that you&#39;re using for this are complete garbage, you must understand. They&#39;re only useful for the most superficial analysis of the sound of a thing; not its artistic intent or its voice or what it has to say, or its integrity or whether a person is likely to emotionally engage with it. But this is the most transparent visualization for how the service thinks.</p>";1;"<p>It&#39;s just mystifying what the thought process may be, and that makes it very easy to push back against.&nbsp;</p>";"<p>I&#39;ve already covered this. There&#39;s nothing I like about them aside from how they grow progressively transparent about what kinds of (misguided) assumptions they&#39;re making, which in turn makes it easier for me to parse what the algorithm&#39;s idea of a recommendation even is. But as I say, it&#39;s a garbage list of criteria that can only describe things in terms of superficial properties like its &quot;sound&quot; rather than what it serves to communicate.&nbsp;</p>";"<p>I guess the third interface is fine if you&#39;re going to do a thing like this. I&#39;d change the whole premise behind the recommendation system, though.</p>";"<p>Not really. It&#39;s presumptuous and based on a false set of premises.&nbsp;</p>";"<p>I think they&#39;re probably very useful for neurotypical people who don&#39;t know what they like or why, and don&#39;t think about anything very deeply.</p>";4;2;1;"<p>Not at all.</p>";"<p>Not the explanations so much. I&#39;d change your thinking about the basic premises behind the algorithms, though.</p>";"<p>I&#39;ve said all I have to say.</p>";1;1;0;0;0;0;1;0
2020-05-11 16:47:04;2020-05-11 16:29:44;1040,52;1;3;8;"";4;"";2;5;5;5;5;1;6;"";1;1;1;0;0;0;0;1;1;0;1;0;1;1;0;"";3;4;4;4;;;;;0;0;0;0;1;0;1;1;0;0;1;0;0;0;0;0;0;4;3;4;2;2;2;3;4;4;2;3;3;2;4;2;4;4;4;4;4;3;4;2;4;3;3;3;4;4;3;4;4;4;3;4;3;4;2;4;2;4;3;"<p>Interface 3 that is very easy to find your favorite songs from song recommendation list is explained how much you like similar song.</p>";2;"<p>Interface two. It takes time to compare the recommendation song with original what I like listening from the Spotify list. Just comparing number, it does not explain what I prefer to listen.</p>";"<p>Interface one. I think it is very simple you can take select what you want to listen to over the recommendation list.</p>";"<p>I think the explanations of moods are too much for me, it makes me uneasy to understand what kind song it recommended. It is better more simple.</p>";"<p>I think it is very helpful to understand what kind musics are recommended.</p>";"<p>It is good idea to understand the music which I prefer to listen with the mood.</p>";5;5;5;"<p>None, my opinion has not changed</p>";"<p>I think the music app should be more flexible for customers such as custom made style</p>";"";1;1;0;0;0;0;1;0
2020-05-11 17:01:23;2020-05-11 16:45:07;975,81;1;3;6;"";8;"";5;5;5;5;5;1;2;"";1;1;0;0;0;0;0;1;0;0;0;0;0;0;0;"";5;5;5;5;;;;;1;1;1;0;0;0;0;1;1;0;0;0;1;0;0;0;0;3;5;2;4;5;5;1;4;2;4;2;4;4;3;3;2;4;4;4;4;3;4;4;2;4;3;4;4;4;4;3;4;3;4;4;4;4;3;3;4;3;3;"<p>Because it is well explanatory</p>";3;"<p>looks more fascinating than others</p>";"<p>I love how it recommended the genre of music i should listen too, while i do not like the the iterface 1 and 2</p>";"<p>Not really. but i would like interface 1 and 2 to look more like interface 3.</p>";"<p>Yes it was very helpful</p>";"<p>I think it is commendable and i will use it more often</p>";4;4;4;"<p>No, it has not</p>";"<p>no suggestions</p>";"<p>It was really helpful. I love the survey.&nbsp;</p>";1;1;0;0;0;0;1;0
2020-05-11 16:38:32;2020-05-11 16:16:20;1331,693;2;3;6;"";8;"";4;4;5;4;5;1;6;"";0;0;0;0;0;0;0;1;1;1;1;0;0;1;0;"";3;4;4;4;;;;;0;0;1;1;0;0;1;1;0;0;0;0;0;0;0;0;0;5;3;4;4;4;3;1;5;5;5;1;4;5;5;4;1;5;5;4;1;4;5;5;1;4;3;5;2;4;2;2;3;1;1;4;4;2;5;3;2;2;1;"<p>design is attractive and comfotable to use for me.so i wa choose it.</p>";3;"<p>not comfortable and design is not like to me.</p>";"<p>inferface 3</p>";"";"<p>Calm mood and mind relaxation mode.</p>";"<p>happy mood</p>";5;5;4;"<p>no</p>";"";"";1;1;0;0;0;0;1;0
2020-05-11 16:13:26;2020-05-11 15:56:21;1024,683;2;3;7;"";8;"";2;5;2;4;4;1;1;"";0;0;0;0;0;0;1;0;0;0;0;0;0;1;0;"";4;5;4;3;;;;;0;0;0;0;1;0;0;0;0;0;1;0;0;0;0;0;0;4;4;1;4;2;4;2;3;1;4;2;4;4;4;4;4;2;4;4;2;3;1;3;2;3;3;4;4;4;4;2;4;4;2;3;1;4;2;3;2;3;1;"<p>I think the information of the second and third interface does not necessarily need to be shown to the user. I like interface one because it is straight and to the point about what music is recommended. Me personally, I do not need to see all the metrics that go into the recommendation.</p>";2;"<p>If I had to pick one it would be 2. number 3 is at least more visually more appealing to me so number two would get my vote.&nbsp;</p>";"<p>I like that there are a lot of songs recommended. I also like the ease of navigation to sort through all the selections. I think on the second and third designs there is too much info given. I do not think most people will be interested in the depth of it.</p>";"<p>Interface wise, no I would not change anything at this point.</p>";"<p>For someone interested in that, sure I think it would be beneficial. However, for me personally, I think it is overkill. Most people listen to music to release or get away so I think they already have assumptions of what music will do for them.</p>";"<p>I think in certain circumstances it could&nbsp;be beneficial. For me though, it is just more stuff to click through potentially. I just want to get down to the point and get music.</p>";5;4;4;"<p>I do not believe so, I think a lot of services are pretty spot on with recommendations.&nbsp;</p>";"";"";1;1;0;0;0;0;1;0
;2020-05-11 15:59:43;;1;5;2;"";2;"";2;4;4;4;4;2;3;"";0;0;1;0;0;0;0;0;1;0;1;0;0;0;0;"";;;;;4;4;4;2;0;0;0;0;0;0;0;0;0;0;0;0;0;0;1;0;0;;;;;;;;;;;;;;;;;;;;;;;;;;;;;;;;;;;;;;;;;;;"";;"";"";"";"";"";;;;"";"";"";0;0;0;0;0;1;0;0
2020-05-11 16:47:07;2020-05-11 16:34:45;741,677;2;3;6;"";8;"";2;4;2;5;5;1;1;"";0;1;0;0;0;0;0;1;0;0;1;0;0;0;0;"";4;3;4;5;;;;;0;1;1;0;1;0;0;0;1;1;0;0;0;0;0;0;0;5;4;2;5;2;3;1;2;2;5;2;4;4;4;5;2;4;2;4;2;4;2;4;2;4;3;4;4;4;1;4;2;4;1;5;5;5;1;4;2;5;3;"<p>Many details can be absorbed in a glance compared to the others</p>";1;"<p>No details are provided</p>";"<p>Recommendations are quite intuitive and easily understood</p>";"<p>Change the colors of the bars in 3</p>";"<p>Very helpful&nbsp;</p>";"<p>Welcome idea</p>";5;4;4;"<p>I have always found them helpful whenever available</p>";"";"";1;1;0;0;0;0;1;0
2020-05-11 16:30:36;2020-05-11 16:11:03;1173,123;2;3;6;"";8;"";4;3;2;4;4;1;1;"";0;0;0;1;0;0;0;1;0;0;0;0;1;1;0;"";3;2;4;4;;;;;0;1;1;0;0;0;1;1;0;1;0;0;1;0;0;0;0;4;4;1;3;2;3;2;4;3;5;1;2;4;2;5;3;3;2;2;1;5;2;3;3;1;2;4;4;3;5;4;1;3;1;5;2;4;4;2;2;3;1;"<p>This is a clear, easy to read interface.</p>";2;"<p>Using number to try to quantify something as nebulous as &quot;feelings&quot; is likely filled with mistakes.</p>";"<p>I like the simple layout of the recommendation explanations. I don&#39;t like to use of numbers to quantify things like feelings.</p>";"";"<p>I felt that they were of little help. How someone responses to music is very subjective and you can&#39;t possibly quantify that in any accurate way.</p>";"<p>I feel that they are highly inaccurate. It is so subjective that you can&#39;t possibly make an accurate rating to make good recommendations.</p>";5;4;5;"<p>no</p>";"";"";1;1;0;0;0;0;1;0
2020-05-11 18:27:49;2020-05-11 18:05:46;1322,673;2;5;7;"";8;"";2;5;5;5;5;1;6;"";1;0;0;0;0;0;0;0;0;0;1;1;1;0;0;"";3;4;4;5;;;;;1;1;0;0;1;1;1;0;1;0;1;0;0;1;0;0;0;3;4;2;3;4;4;3;4;2;3;2;4;4;2;3;2;2;3;4;2;3;2;3;1;4;3;3;3;4;1;4;4;4;2;4;2;4;1;5;2;4;3;"<p>I would recommend this design because it is well designed and detailed. It captures the emotions needed to ignite my interest.</p>";1;"<p>This interface is not appealing and a bit unattractive to me.</p>";"<p>I like a very interactive and appealing interface that captures all the necessary information. And I dislike a non-interactive interface with little or no information.&nbsp;</p>";"<p>Perhaps, I could prefer an interface that reads the existing information on the playlists. Or recommendations based on what others are listening to.</p>";"<p>The mood-based recommendation is quite helpful and important.</p>";"<p>The idea of using moods to recommending music is appealing to me.</p>";5;4;5;"<p>It has indeed broadened my perspective on using mood-based recommendation and I strongly favor this idea.</p>";"<p>There are no additional recommendations.</p>";"<p>None... Thank you!</p>";1;1;0;0;0;0;1;0
2020-05-11 19:10:43;2020-05-11 18:52:25;1097,473;2;2;6;"";12;"";5;5;4;5;5;1;2;"";1;0;1;0;0;0;0;0;0;0;0;0;1;0;0;"";5;5;5;5;;;;;1;1;1;0;1;0;1;0;1;0;0;0;0;0;0;0;0;5;5;1;5;4;5;1;5;1;5;1;5;5;4;5;1;5;4;5;1;5;1;5;1;5;3;5;4;5;1;5;5;5;1;5;1;5;1;5;2;5;1;"<p>it&#39;s very simple and cool to understand&nbsp;</p>";2;"<p>the details on the screen are quite too much&nbsp;</p>";"<p>i like the fact that the recommendation is cool but the second interface has too much and covered the title&nbsp;</p>";"";"<p>the mood was helpful and could help see more about the songs&nbsp;</p>";"<p>they are so lovely and easy to use&nbsp;</p>";5;5;5;"<p>I love music recommendations and my choice still remain the same&nbsp;</p>";"";"";1;1;0;0;0;0;1;0
2020-05-11 17:44:58;2020-05-11 17:41:29;209,346;1;2;7;"";9;"";5;3;5;3;2;2;7;"";0;0;1;0;0;0;1;1;0;0;0;0;0;0;0;"";;;;;4;5;2;4;0;0;0;0;0;0;1;1;0;0;0;1;0;0;0;0;0;4;4;4;5;2;1;4;1;2;2;4;3;5;2;2;3;5;5;5;1;4;1;1;4;4;3;4;2;1;3;2;1;2;5;3;5;1;5;2;2;1;2;"<p>The percentage data looks cool</p>";3;"<p>It&#39;s too analytical&nbsp;</p>";"<p>The creativity</p>";"";"<p>Absolutely!</p>";"<p>It&#39;s nice to use</p>";4;5;3;"<p>No</p>";"";"<p>Great study!</p>";1;1;0;0;0;0;1;0
2020-05-11 16:18:51;2020-05-11 15:58:53;1198,663;1;3;6;"";6;"";4;4;5;5;5;1;1;"";1;1;0;0;0;0;0;0;0;0;0;0;0;0;0;"";5;4;5;4;;;;;0;1;0;0;1;1;0;0;0;0;0;0;0;0;0;0;0;5;5;5;4;5;4;2;4;4;4;3;4;4;5;5;4;4;5;4;2;5;5;3;5;4;3;4;4;4;5;4;4;5;3;4;4;4;5;3;2;5;3;"<p>attractive user interface</p>";1;"<p>not attractive</p>";"<p>colorful user interface</p>";"";"<p>the interface makes me clear about my prefereces</p>";"<p>it makes me clear about my music preferences</p>";5;4;5;"<p>music&nbsp;recommendations important to identify my personality</p>";"";"<p>i love music</p>";1;1;0;0;0;0;1;0
2020-05-11 16:36:12;2020-05-11 16:27:34;517,8;2;2;6;"";6;"";4;4;3;3;4;1;1;"";0;0;0;0;0;0;0;0;0;1;1;0;0;1;0;"";4;4;4;4;;;;;1;0;0;0;0;0;0;1;0;0;0;1;0;0;0;0;0;4;4;2;2;2;4;2;4;4;4;2;4;4;4;4;2;4;2;4;2;4;4;4;2;4;3;4;4;4;4;4;3;4;2;4;2;5;2;5;2;4;2;"<p>I like the second interface because it looks more complete and interactive than the others. The tree interfaces are nice but the 2nd one is my favorite one.&nbsp;</p>";3;"<p>This design is static and doesnt change much. I liked it but the other choices are better.&nbsp;</p>";"<p>I liked that they were clear to understand but a bit long.&nbsp;</p>";"<p>No not really.&nbsp;</p>";"<p>Yes because based on your mood you would get other recommendations that would go according to your mood.&nbsp;</p>";"<p>I think its a good way to recommend music, its creative and different.&nbsp;</p>";4;4;4;"<p>no not really.&nbsp;</p>";"";"";1;1;0;0;0;0;1;0
2020-05-11 17:15:52;2020-05-11 17:01:06;886,26;1;2;6;"";13;"";3;4;4;4;4;1;1;"";0;1;0;0;1;0;0;0;1;0;0;0;0;0;0;"";5;3;4;3;;;;;0;0;0;0;0;0;1;0;1;0;0;0;0;1;0;0;0;4;4;2;4;2;4;2;3;2;4;2;4;4;4;4;4;2;4;4;3;4;2;2;4;2;3;3;4;5;2;4;2;4;2;4;2;4;2;5;2;5;3;"<p>The colorful bar graphs that explain the tone of the music and relate that with my mood is a very useful feature. Interface 3 is much better visually,&nbsp;and&nbsp;much more intuitive to grasp.&nbsp;</p>";2;"<p>Interface 2, requires me to analyze the percentages... If I&#39;m in a mood to listen to music, I don&#39;t want to do math. This interface also looks very bulky and uninteresting.&nbsp;</p>";"<p>I like Interface 3 the most because it provides me with new features, in an easy to understand layout. I like Interface 2 the least because it&#39;s layout is bulky and requires more reading and analysis that I generally like.&nbsp;</p>";"<p>I would include a simple &quot;like&quot; or &quot;dislike&quot; button to Interface 3 after a song has been selected, so that I can continue to optimize my recommendations. Also, if the software could provide me with a weekly graphical analysis of what kind of songs I listened to this week, that would help me to further narrow down my interest range.&nbsp;</p>";"<p>Very helpful, and useful. Also, see my previous writeups if you need further clarification.</p>";"<p>Very positive, and would try it out if it were available for a trial basis.&nbsp;</p>";4;4;4;"<p>My current interface looks very much like Interface 1. I would welcome music recommendation explanations. My opinion has not changed.&nbsp;</p>";"<p>Yeah, see my suggestions in the previous page where I talk about the like/dislike button and a weekly summary of my music choices.&nbsp;</p>";"<p>Good luck with your research!</p>";1;1;0;0;0;0;1;0
2020-05-11 18:34:41;2020-05-11 18:24:48;592,53;2;3;4;"";3;"";2;4;4;4;3;2;4;"";0;0;0;1;0;0;0;0;0;0;1;0;0;1;0;"";;;;;3;4;3;4;0;1;0;0;1;0;0;1;0;0;1;0;0;0;0;0;0;4;5;2;4;2;4;2;4;2;4;1;4;5;4;2;4;3;4;2;3;2;3;2;4;2;3;3;4;1;4;2;5;3;4;2;4;2;4;2;2;2;1;"<p>It is smooth and easy to understand. I would use this one versus the others because the others are too complicated.</p>";3;"<p>it is way to complicated and hard to understand</p>";"<p>I like recommendations explantations because they suggest songs that I might like. I dont like it when it is too complicated.</p>";"";"<p>no</p>";"<p>they are uneccasary</p>";5;4;3;"<p>no</p>";"";"";1;1;0;0;0;0;1;0
2020-05-11 16:05:17;2020-05-11 15:57:35;461,59;1;2;6;"";6;"";2;4;4;5;5;1;3;"";0;0;0;1;0;0;0;1;0;0;1;0;0;0;0;"";4;4;3;1;;;;;0;1;1;0;0;0;1;0;0;0;0;1;1;0;0;0;0;4;3;3;3;2;3;3;3;3;3;5;3;3;4;5;2;4;1;4;1;4;2;5;1;4;3;5;4;4;2;3;2;4;2;4;4;3;3;2;2;3;2;"<p>I like the simple layout.</p>";2;"<p>It is simple, but has all the info I would need.</p>";"<p>I like how it is easy to read.</p>";"";"<p>Yes, I base a lot of my music selections on how I feel at the time.</p>";"<p>I think it is a very good idea.</p>";5;3;4;"<p>Yes, I guess mood is more important than I thought.</p>";"";"";1;1;0;0;0;0;1;0
2020-05-11 16:17:47;2020-05-11 16:05:55;711,887;1;3;6;"";10;"homemaker";2;5;4;4;3;1;1;"";0;0;1;0;0;0;0;0;0;0;1;0;0;1;0;"";2;3;4;4;;;;;0;0;1;0;1;0;1;1;0;0;0;0;0;0;0;0;0;4;3;2;2;1;2;4;2;3;2;4;2;2;4;4;2;4;2;4;2;4;2;4;2;4;3;4;4;5;2;4;1;5;2;4;2;5;2;4;2;4;2;"<p>I prefer numbers compared to graphs. It allows me to read how much they have in common in terms of percentage so I can see how close or far off it actually is. I think it is less complicated to make out.</p>";1;"<p>It doesn&#39;t tell me anything. It doesn&#39;t give me reasons why so only I can assume why it picked those songs and artists. It is nothing fancy to look at.</p>";"<p>What I like the most is the use of the percentage to break it down in how much it is like the other songs in my playlist. I also like the colors in Interface 3 and I think that interface 2 could use something like that in their percentages. I don&#39;t like that it doesn&#39;t show me anything at all and that I just have to trust what they are giving me.</p>";"<p>I would change the colors to something I like. I don&#39;t like the grey in Interface 2 or the green, and the colors appeal to me in Interface 3.</p>";"<p>Yes, I think it would help you to decide whether or not you want to listen to that song or not. I want certain songs and then it will give me a slow one which will ruin the mood that I am in.</p>";"<p>I like it. I think it is something that we need when we are looking for new songs to listen to. We want something that won&#39;t destroy the mood and tempo that we have already set for ourselves.</p>";5;5;5;"<p>Yes it has. Based on the interfaces it has.</p>";"<p>No</p>";"";1;1;0;0;0;0;1;0
;2020-05-11 18:44:30;;1;1;6;"";3;"";1;5;3;5;5;1;1;"";0;0;0;1;0;0;0;0;0;1;1;0;0;0;0;"";5;5;5;5;;;;;0;1;1;0;0;0;1;1;0;0;0;0;0;0;0;0;0;;;;;;;;;;;;;;;;;;;;;;;;;;;;;;;;;;;;;;;;;;;"";;"";"";"";"";"";;;;"";"";"";0;0;0;0;0;1;0;0
2020-05-11 16:16:09;2020-05-11 16:08:38;450,713;1;2;6;"";9;"";1;4;4;4;4;1;3;"";0;1;0;0;0;0;1;0;0;0;0;0;0;1;0;"";5;4;3;4;;;;;0;0;0;0;0;0;1;0;0;1;0;0;0;0;0;0;0;4;4;1;2;2;2;4;3;2;3;2;2;2;4;4;2;5;1;4;2;4;2;4;2;4;3;4;4;3;2;4;2;4;2;3;2;2;4;2;2;2;2;"<p>I feel like the numbers give interface two a sense of credibility--it&#39;s more easy to follow than the others.</p>";1;"<p>Interface one is two vague, and doesn&#39;t offer much additional information about the recommendations.</p>";"<p>The thing I liked the most about the recommendation explanations was interface 2&#39;s layout--it&#39;s clean and easy to understand. The thing I liked the least was maybe the color scheme for interface one and 3.</p>";"";"<p>No, I don&#39;t feel they were helpful.</p>";"<p>It&#39;s not a particularly useful idea, as I already have a vague sense of what &quot;mood&quot; music will put me in within the first minute or so of a song.</p>";5;4;4;"<p>No.</p>";"";"";1;1;0;0;0;0;1;0
2020-05-11 17:12:55;2020-05-11 16:52:55;1200,344;2;2;7;"";11;"";5;5;4;4;4;1;1;"";0;1;0;0;1;1;0;0;0;0;0;0;0;0;0;"";4;3;5;4;;;;;0;0;1;1;1;0;0;0;0;0;0;0;0;0;0;0;0;5;4;4;5;3;5;4;3;3;4;4;4;4;4;4;4;5;5;5;4;4;4;5;5;4;3;4;5;4;4;3;4;5;5;3;4;4;4;3;2;4;3;"<p>easy to understand</p>";2;"<p>confused</p>";"<p>new design</p>";"";"<p>easy</p>";"<p>easy to use</p>";4;5;5;"<p>it&#39;s very important</p>";"";"";1;1;0;0;0;0;1;0
2020-05-11 16:32:08;2020-05-11 16:24:36;452,006;2;2;6;"";10;"self employed";3;4;4;3;4;2;3;"";0;0;0;1;1;0;1;1;0;0;1;0;1;1;0;"";;;;;4;4;4;4;0;1;0;1;0;0;1;0;0;0;1;0;0;0;0;0;0;3;4;4;3;2;3;3;4;3;3;2;4;4;4;3;3;3;3;3;4;4;4;3;3;3;3;3;3;4;3;3;3;4;3;4;3;4;3;3;2;4;1;"<p>it is simple and straight to the point</p>";1;"<p>it is just plain and easy to use</p>";"<p>the first one looks simple and the rest seem to get harder and more complex and you go&nbsp;</p>";"";"<p>somewhat but not really it would depend</p>";"<p>they seem ok but probably not something i would use</p>";4;3;3;"<p>no</p>";"<p>no</p>";"";1;1;0;0;0;0;1;0
2020-05-11 20:24:00;2020-05-11 20:16:54;426,76;3;4;6;"";8;"";1;5;4;5;5;1;1;"";0;0;0;0;0;0;0;0;0;0;0;0;0;0;1;"Inde, Experimental, Avant-garde";4;4;5;5;;;;;1;0;1;0;1;1;1;0;0;0;0;0;0;1;0;0;0;5;3;2;4;2;4;1;3;4;2;3;3;3;5;4;2;5;2;5;1;4;2;4;4;4;3;4;5;5;1;5;1;5;1;5;2;5;1;5;2;5;3;"<p>I find it the most visually appealing</p>";1;"<p>It seems plain.</p>";"<p>The appearance</p>";"<p>not really</p>";"<p>Yes</p>";"<p>I am enthusiastic about that.</p>";5;5;5;"<p>no</p>";"<p>no</p>";"";1;1;0;0;0;0;1;0
2020-05-11 16:16:16;2020-05-11 15:57:23;1133,394;2;3;6;"";8;"";1;5;5;5;5;1;3;"";0;0;0;1;1;0;0;1;1;0;0;0;1;1;0;"";4;3;4;5;;;;;1;1;1;0;1;0;1;1;1;1;0;1;0;1;0;0;0;5;4;1;2;2;1;1;3;2;4;2;3;2;5;5;2;4;2;5;1;5;2;2;3;4;3;5;4;3;2;3;3;2;4;3;4;5;2;3;2;3;3;"<p>I like the amount of information 2 gives, but interface 3 looks the best and fits the app better.&nbsp;</p>";1;"<p>Interface one tells me nothing about why the recommendation is given</p>";"<p>To be honest I would like even more information, like song key and bpm. I like analyzing music so more information would be best for me, but I understand that most people don&#39;t care.</p>";"";"<p>a little bit. I would prefer more technical and analytical terms.</p>";"<p>Yes, it&#39;s better than what is available now.</p>";4;3;5;"<p>no, still important</p>";"";"";1;1;0;0;0;0;1;0
2020-05-11 16:36:58;2020-05-11 16:16:09;1249,197;2;3;6;"";10;"energy company";2;5;5;5;5;1;1;"";0;0;1;0;0;0;0;0;0;0;1;0;0;1;0;"";4;4;5;5;;;;;0;0;0;0;1;0;0;1;1;0;1;0;0;0;0;0;0;4;3;3;3;3;1;3;3;4;2;4;2;4;4;4;3;4;3;4;2;4;1;4;2;4;3;4;4;4;3;4;3;4;1;4;2;2;5;2;2;3;2;"<p>I like how it looks , also easy to understand with percentages&nbsp; . ITs&nbsp; clear &nbsp;and pretty&nbsp; visually .&nbsp; &nbsp; Has enough information and its detailed enough im likely to use it once in a while .</p><p>&nbsp;</p><p>&nbsp;</p><p>Also interface 1 would be my second choice simple and gets the job done.</p>";3;"<p>The design is horrible its looks cluttered and confusing. Maybe because of the colors .I dont want to look at it . It isnt visually appealing&nbsp;</p>";"<p>I like how interface 2 looks visually&nbsp; and how the information is displayed.&nbsp; &nbsp;I like the least is interface 3 its just nor visually appealing&nbsp; and doesnt draw my attention&nbsp;</p>";"";"<p>Yes its good to know sometimes we are tense, sad , unmotivated and we turn to music to lift ourselves up and relax . There are things we dont know how a song is intended to make you feel so it gives&nbsp; us a clue what to hear depending on our mood.</p>";"<p>I find it appealing especially,&nbsp; if im looking for a new song&nbsp; and something different&nbsp;&nbsp;It will help with my decision of listening to the song.&nbsp;</p>";5;5;5;"<p>Yes. i think they are more useful that i thought when seen in this perspective .</p>";"<p>Maybe how other people rated the song I know some people already have that. With some feedback so people can socialize a bit.&nbsp;</p>";"";1;1;0;0;0;0;1;0
2020-05-11 16:29:43;2020-05-11 16:17:25;738,79;1;5;6;"";13;"";1;5;5;5;5;2;1;"";0;0;0;0;0;1;0;0;0;0;1;0;0;1;0;"";;;;;5;5;1;1;0;1;0;0;1;1;1;1;0;0;1;0;0;0;0;0;0;5;5;1;5;1;5;1;5;1;5;1;5;5;5;5;1;5;1;5;1;5;1;5;1;5;3;5;5;5;1;5;1;5;1;5;1;5;1;5;2;5;1;"<p>It gives me exactly what I need quickly. I usually already know what I want to hear and why and the #1 is the most like that.</p>";2;"<p>It doesn&#39;t give me as much information as I would like which is similar to #3 but #3 at least has better graphics and colors.</p>";"<p>I like the listing of songs in #1. I am simple in my requests so the simpler the better. #2 is giving me the information I don&#39;t need and it isn&#39;t as attractive.</p>";"";"<p>Cerebral - Power</p>";"<p>I probably wouldn&#39;t use it. When I have those moods, they may be different than what is programmed. Today Google Assist had a link for relaxing music and it was way off.</p>";5;5;3;"<p>No, I like using it sometimes when I want something different but most of the time, I know exactly what I want to listen to.</p>";"<p>The best suggestions is to have as much input as possible because tastes vary so much it is only with a lot of data that the program will get it right for the majority.</p>";"";1;1;0;0;0;0;1;0
2020-05-11 16:08:27;2020-05-11 15:56:23;724,05;2;2;4;"";8;"";1;5;5;5;5;1;4;"";0;0;0;0;0;0;1;0;0;0;0;0;0;1;1;"power metal";5;4;4;4;;;;;0;0;0;0;0;0;0;1;0;1;0;0;0;1;0;0;0;5;3;1;2;1;2;4;2;3;3;1;3;2;5;4;1;4;1;4;1;2;1;4;2;4;3;4;5;5;1;4;1;5;2;3;1;4;1;4;2;4;3;"<p>I like the look of it the best, I&#39;d like it more if it also had percentages. I like a lot of detailed information though.</p>";1;"<p>There is no explanation and it&#39;s boring.&nbsp;</p>";"<p>I like the details of how a system works, I like to see the charts. I dislike that the two on the right have a lot of good information but sacrifices something the other one excels at, like looks or more data.&nbsp;</p>";"";"<p>Yes, I thought they were fun to look at.</p>";"<p>I&#39;m fine with it, I like all data and seeing more is always fun and interesting for me.&nbsp;</p>";4;2;4;"<p>No.</p>";"";"";1;1;0;0;0;0;1;0
2020-05-11 17:30:28;2020-05-11 17:18:46;702,017;2;3;7;"";9;"";2;4;5;5;5;1;1;"";1;1;0;0;0;1;0;0;0;0;0;0;0;0;0;"";4;4;4;5;;;;;0;0;1;0;1;0;0;1;0;0;0;0;0;0;0;0;0;5;2;1;5;1;2;1;4;2;5;5;5;3;1;2;3;1;4;1;5;5;1;4;4;2;3;3;2;3;1;3;4;4;1;5;1;4;3;5;2;3;1;"<p>I like its very simple design&nbsp;</p>";2;"<p>I think it is overly detailed, and I won&#39;t enjoy new songs</p>";"<p>I love the simple ones and dislike the more detailed ones</p>";"";"<p>They would be helpful for experimenting with new songs</p>";"<p>I would love to experiment more with this</p>";5;4;5;"<p>No</p>";"";"";1;1;0;0;0;0;1;0
2020-05-11 19:44:40;2020-05-11 19:29:49;890,907;2;3;6;"";11;"";1;4;4;4;4;1;1;"";0;0;0;1;0;0;0;0;0;0;0;1;0;1;0;"";3;4;5;4;;;;;0;0;1;0;1;0;1;0;0;0;0;0;0;0;0;0;0;5;4;1;4;1;4;1;5;1;4;1;4;5;5;2;5;2;5;1;2;2;4;2;4;3;3;1;5;1;5;1;5;4;4;2;5;1;5;1;2;2;1;"<p>I don&#39;t necessarily need a comprehensive explanation of why Spotify decided I wanted to listen to the Bangles.&nbsp; While this is interesting, it&#39;s more of a deep dive than I need.&nbsp; &nbsp;Every recommendation doesn&#39;t need to disclose that it was chosen based on 15 parameters.&nbsp; &nbsp;</p>";2;"<p>It really feels like I am reading my medical exam results.</p>";"<p>I want clean and simple.&nbsp; I don&#39;t want something that would take an engineering degree to decipher.&nbsp; I&#39;m trying to listen to music, not design a jet engine.</p>";"<p>I can see where they would appeal to different people.</p>";"<p>Yes and no.&nbsp; I can certainly see the rationale behind that, but when you get right down to it, mood is really subjective.</p>";"<p>I get the drift and can see, from an academic point, why it would be useful.&nbsp; It isn&#39;t the most efficient way to get from point A to point B, but it also isn&#39;t fruitless.</p>";5;4;2;"<p>Yes, it has.&nbsp; I would avoid seeking the info out in the future.</p>";"<p>Thanks</p>";"";1;1;0;0;0;0;1;0
;2020-05-11 16:39:47;;1;2;6;"";13;"";2;5;4;4;4;1;1;"";0;0;1;0;0;0;0;1;0;0;0;0;1;0;0;"";4;4;4;3;;;;;0;1;0;0;1;0;1;0;1;0;0;1;0;0;0;0;0;3;4;3;3;3;3;3;4;4;3;2;3;3;3;4;2;4;3;5;2;4;5;5;2;4;3;4;3;5;1;5;1;5;1;4;2;5;1;5;2;5;3;"<p>It is colorful and less boring to look at</p>";1;"<p>It is a bit too tedious to understand on initial look</p>";"<p>The colorfulness is just attractive</p>";"<p>No</p>";"<p>Yes</p>";"<p>No i have not</p>";;;;"";"";"";0;0;0;0;0;1;0;0
2020-05-11 16:18:16;2020-05-11 16:06:39;696,513;2;2;4;"";11;"";1;4;4;4;3;1;1;"";0;0;0;0;0;0;0;1;0;0;0;0;0;0;0;"";4;4;4;3;;;;;0;1;1;0;0;0;0;0;1;0;0;1;0;0;0;0;0;1;4;1;3;3;4;3;3;3;3;3;3;4;1;4;1;4;2;4;2;4;1;4;1;4;3;4;1;3;1;4;1;4;1;4;1;4;1;4;2;4;3;"<p>It is simply the most aesthetically appealing and the bar graphs really help with engagement.</p>";1;"<p>It is too plain and disengaging.</p>";"<p>I like the designs and percentages. I&#39;m a numbers guy, so seeing the statistics really gets me involved. I like how precise the numbers get as well. I dislike the recommended from interface 1, it&#39;s too plain.</p>";"";"<p>Absolutely, I would love to pre-pick songs based on a feeling I want to have.</p>";"<p>I think it&#39;s a great idea and should be implemented if it can be done effectively. Meaning, the recommended songs actually generate the specified mood for me.</p>";5;5;4;"<p>No</p>";"";"<p>Thanks for the HIT!</p>";1;1;0;0;0;0;1;0
2020-05-11 16:16:27;2020-05-11 16:08:49;458,146;2;2;6;"";6;"";1;5;5;5;5;1;2;"";0;0;0;0;1;1;0;1;0;0;0;0;0;1;1;"Indie";4;4;3;2;;;;;0;0;1;0;0;1;1;0;0;1;0;0;0;1;0;0;0;5;3;1;2;1;3;4;3;1;2;3;3;3;5;4;1;4;1;4;1;4;1;4;2;4;3;4;5;5;1;5;1;5;1;5;1;5;1;5;2;5;3;"<p>Interface 3 is a little easier to read. Id rather have a bar graph than just straight percentages.&nbsp;</p>";1;"<p>I currently use Spotify so I&#39;m very familiar with this interface. It doesnt really give you that extra detail you&#39;re looking for.&nbsp;&nbsp;</p>";"<p>I like the bar graph the most. It&#39;s very easy to read and understand. I dislike Option A because it doesnt tell you why this song is a recommended song.&nbsp;</p>";"<p>Maybe switch the colors of the bar graph up slightly.&nbsp;</p>";"<p>Yes, very helpful.</p>";"<p>I would be all for it. As a spotify premium subscriber my vote is yes!</p>";5;5;4;"<p>No.</p>";"";"";1;1;0;0;0;0;1;0
2020-05-11 16:33:02;2020-05-11 16:23:17;584,954;2;3;7;"";8;"";1;5;4;5;4;1;6;"";1;0;1;1;0;0;0;0;0;0;1;1;1;0;0;"";5;5;4;4;;;;;1;1;1;1;0;0;1;0;0;0;0;0;0;0;0;0;0;5;5;4;3;4;4;3;5;5;4;2;4;4;5;4;2;4;5;5;2;3;4;4;1;4;3;4;4;5;1;3;4;3;1;4;4;4;2;4;2;5;2;"<p>looks good</p>";3;"<p>not my taste</p>";"<p>can&#39;t say</p>";"";"<p>good</p>";"<p>good</p>";5;4;4;"<p>nope</p>";"";"";1;1;0;0;0;0;1;0
2020-05-11 16:13:33;2020-05-11 15:59:42;830,757;2;2;6;"";8;"";2;3;4;4;3;1;6;"";0;1;0;1;0;0;0;0;0;0;1;0;0;0;0;"";2;2;2;3;;;;;0;0;0;0;1;0;0;1;0;0;0;0;1;0;0;0;0;1;1;1;1;1;1;1;1;1;1;1;1;1;1;1;1;1;1;1;1;1;1;1;1;1;3;1;1;1;1;1;1;1;1;1;1;1;1;1;2;1;1;"<p>It has the best interface and is very user friendly, which is what I look for in apps,</p>";1;"<p>I disliked it because it had alot of text and scrolling took too long.</p>";"<p>I liked the graphics and layout of the app the most.</p>";"<p>I would not make any changes to the interface because it is very user friendly.</p>";"<p>Yes, they were very helpful and explained very clearly what the recommendations were.</p>";"<p>It is a very unique and great idea that I never would have thought of, but will use if its real.</p>";5;5;5;"<p>No, and this survey has too many writing prompts for only a dollar.</p>";"";"";1;1;0;0;0;0;1;0
2020-05-11 16:29:08;2020-05-11 16:16:56;732,803;2;2;2;"";8;"";1;5;5;5;5;1;3;"";0;0;0;1;0;0;1;1;0;0;0;0;0;0;0;"";4;4;5;5;;;;;0;0;0;0;1;1;1;1;0;1;0;0;0;0;0;0;0;5;1;1;1;1;1;5;1;1;1;5;1;1;5;4;1;3;1;5;2;4;1;4;1;4;3;4;5;5;1;4;1;5;1;4;1;5;1;5;2;5;3;"<p>It is the best looking. While Interface 2 is pretty much the same, it looks to plain and boring compared to 3. Gives a good bit of information about recommendations.&nbsp;</p>";1;"<p>It doesn&#39;t really have any information to add.</p>";"<p>I just like the fact that it&#39;s giving good recommendations based off of mood rather than suggesting something in the same genre or time period.</p>";"<p>No</p>";"<p>Yea I thought it was an interesting metric to base music off of. I think if it emits a similar mood, than it will be a good fit.</p>";"<p>I would use recommendations a lot more often since I can see why they were chosen.</p>";5;5;5;"<p>No my opinions haven&#39;t changed. I would always use a recommendation feature as long as it worked well.</p>";"<p>No</p>";"";1;1;0;0;0;0;1;0
2020-05-11 16:14:12;2020-05-11 16:00:46;806,3;2;3;9;"Vocational/Technical training";8;"";1;5;5;4;4;1;3;"";0;1;0;0;1;0;1;0;0;0;0;0;0;1;0;"";2;3;4;4;;;;;0;0;1;0;1;0;1;0;0;1;0;0;0;0;0;0;0;5;3;1;1;1;1;5;2;3;3;3;1;1;5;4;2;4;1;4;2;4;1;4;2;4;3;4;5;2;2;2;1;2;4;3;3;4;4;3;2;2;2;"<p>It gives a detailed view of why this particular song is recommended.&nbsp;</p>";1;"<p>There is no information at all given for why the song has been recommended.</p>";"<p>I like that the suggestions are explained in number two and I am not sure how the graph is derived in number three. I like that there are many values that the suggested used.</p>";"<p>I would put the percentage numbers on or over the graph bars in selection 3 and it would be very good.</p>";"<p>Yes, I thought they helped give a general impression of how the music would make me feel.</p>";"<p>I think it is a novel idea, but I would like to know how they derive what music causes what moods. Who are they basing this from? Is it personalized some way or is it using a general rating system across several people? I know certain things that cause bad moods in people cause good moods in others and vice versa.</p>";4;5;4;"<p>Not really. I know what I like and that&#39;s usually what I go with. I do not need a suggester system to guide me very much.</p>";"";"";1;1;0;0;0;0;1;0
2020-05-11 17:46:19;2020-05-11 17:32:25;833,806;2;2;6;"";8;"";4;5;4;5;5;1;2;"";1;0;0;0;0;0;0;1;0;0;0;0;1;0;0;"";5;4;5;5;;;;;0;0;1;0;1;1;0;0;1;1;1;1;0;0;0;0;0;4;4;1;5;3;4;1;5;2;5;1;5;5;1;2;1;5;3;3;2;5;1;5;1;4;3;1;3;5;1;5;3;2;1;4;2;4;5;4;2;5;3;"<p>the recommendation are clearly elaborated for easy understanding while using the feature&nbsp;</p>";1;"<p>i might not create any awareness&nbsp; about the music&nbsp;</p>";"<p>easy accessibility to the music&nbsp; feature&nbsp;</p>";"<p>no</p>";"<p>yes</p>";"<p>very useful, i will recommend any user to always make use of music recommendation&nbsp;</p>";5;5;5;"<p>no</p>";"<p>no</p>";"<p>none</p>";1;1;0;0;0;0;1;0
2020-05-11 17:37:09;2020-05-11 17:27:25;583,234;1;2;7;"";13;"";2;4;3;5;4;1;1;"";1;0;0;0;0;0;0;1;0;0;0;0;1;0;0;"";4;4;4;4;;;;;1;1;1;0;1;1;1;1;1;1;0;1;0;1;0;0;0;4;4;2;4;5;3;1;4;3;4;2;4;4;4;4;1;4;4;4;4;4;4;4;4;4;3;4;4;4;1;4;2;4;2;4;1;3;2;4;2;4;3;"<p>It is more colorful to me</p>";1;"<p>It looks a little plain</p>";"<p>I like how it goes into complete details</p>";"";"<p>Yes it was, I thought it was unique and different</p>";"<p>I think that iis a great idea</p>";4;4;4;"<p>I don&#39;t think it has changed, as i would use music recommendations as I think it&#39;s highly important.</p>";"";"";1;1;0;0;0;0;1;0
2020-05-11 18:01:37;2020-05-11 17:52:02;575,164;1;4;6;"";11;"";1;5;5;5;5;1;2;"";1;1;1;0;0;0;0;0;1;0;1;0;1;1;0;"";5;5;3;3;;;;;1;1;1;0;1;1;1;1;1;0;0;0;0;0;0;0;0;4;3;3;3;3;3;2;4;2;3;2;4;4;4;4;2;4;4;4;2;4;2;3;2;3;3;4;4;4;2;4;2;4;2;4;2;4;4;4;2;4;2;"<p>The design is more user friendly, doesn&#39;t overload you with information.</p>";1;"<p>Not design friendly</p>";"<p>I like the percentage of reason why the recommendation</p>";"<p>no</p>";"<p>Yes, they were.</p>";"<p>Very helpful</p>";5;5;5;"<p>No, they still are.</p>";"";"";1;1;0;0;0;0;1;0
;2020-05-11 15:57:28;;2;5;6;"";13;"";5;5;4;4;5;1;1;"";0;1;1;1;1;0;0;0;0;0;0;0;0;0;0;"";4;5;5;4;;;;;0;0;0;0;0;1;1;1;1;0;0;0;0;0;0;0;0;5;5;4;4;5;5;5;4;5;5;4;4;4;4;5;4;5;3;4;5;4;4;5;5;3;3;4;5;5;4;5;5;4;4;5;4;5;4;5;2;4;;"";;"";"";"";"";"";;;;"";"";"";0;0;0;0;0;1;0;0
2020-05-11 17:20:06;2020-05-11 17:11:44;501,616;1;2;4;"";10;"Homemaker";1;5;5;4;4;1;6;"";0;0;1;0;1;0;0;0;0;0;1;0;0;1;0;"";4;5;3;2;;;;;1;0;1;0;1;0;1;0;1;1;0;1;0;1;0;0;0;5;5;2;3;1;4;2;4;2;4;2;4;4;4;4;1;4;1;5;2;5;1;4;4;4;3;4;4;4;3;4;2;4;2;4;2;5;1;4;2;4;3;"<p>I think this was the clearest and most universally understood explanation compared to the other two. While having actual percentages is nice, I think the quick visual is more appealing and easier to comprehend.</p>";1;"<p>There is no explanation of why the music recommendation system gave those recommendations to particular songs.</p>";"<p>I like that the reasons why they&#39;re recommended are easy to explain. I don&#39;t like having to swipe up for them.</p>";"<p>N/A</p>";"<p>Mood based recommendations are helpful when deciding what kind of music you want to listen to at the moment.</p>";"<p>I think it&#39;s a great idea.</p>";5;5;4;"<p>No, I still think they are important to me.</p>";"<p>N/A</p>";"<p>N/A</p>";1;1;0;0;0;0;1;0
2020-05-11 18:39:31;2020-05-11 18:17:47;1304,603;2;2;6;"";3;"";1;4;4;4;4;1;1;"";0;0;1;0;0;0;0;1;0;0;0;0;1;0;0;"";4;4;4;4;;;;;0;1;1;0;1;0;1;0;1;1;0;1;1;1;0;0;0;3;3;3;3;3;3;3;3;3;3;3;3;3;3;4;4;4;4;4;2;4;3;4;3;4;3;4;3;4;2;4;4;4;2;4;4;4;2;4;2;4;3;"<p>because it is well organized and it attracts the eye</p>";1;"<p>it doesn&#39;t explain the recommendations</p>";"<p>i like the colorfuness but i don&#39;t like the fact that it looks too clumsy</p>";"<p>no</p>";"<p>very helpful</p>";"<p>i think its a good idea and it also justify reasons for recommending the songs</p>";4;4;4;"<p>somewhat in the sense that i am opened to new ideas</p>";"<p>no</p>";"";1;1;0;0;0;0;1;0
2020-05-11 16:22:45;2020-05-11 16:13:18;566,187;1;3;6;"";6;"";2;4;4;4;4;1;1;"";1;0;0;0;0;0;0;0;0;0;0;0;0;1;0;"";4;4;2;2;;;;;0;0;0;0;1;0;1;1;0;0;0;0;0;0;0;0;0;4;3;2;3;2;3;2;3;2;3;2;3;3;4;5;2;5;2;5;2;5;2;5;2;5;3;5;4;5;2;5;2;5;2;5;2;5;2;4;2;5;2;"<p>I like that the percentages are represented by actual number percentages and not just bars.</p>";1;"<p>There is just not enough information present on the song and why.</p>";"<p>2 of the recommendation systems give great detail as to why the song is recommended.</p>";"";"<p>Yes I really liked that I could get an idea of the song beofre playing it.</p>";"<p>I like the idea and would definitely take it into my considerations.</p>";5;5;4;"<p>no</p>";"";"";1;1;0;0;0;0;1;0
;2020-05-11 16:02:49;;2;2;6;"";8;"";5;3;4;3;4;1;2;"";0;0;1;0;0;0;1;1;0;0;0;0;1;1;0;"";4;5;3;5;;;;;1;0;1;0;0;0;0;0;0;0;1;1;0;0;0;0;0;3;4;5;3;5;1;4;2;3;4;4;4;4;4;4;1;3;3;4;3;2;3;2;3;4;3;3;3;4;3;4;4;3;4;3;5;5;2;3;2;4;;"";;"";"";"";"";"";;;;"";"";"";0;0;0;0;0;1;0;0
2020-05-11 16:55:38;2020-05-11 16:44:09;688,677;2;4;7;"";1;"";3;4;5;5;5;1;2;"";1;0;0;0;0;0;0;1;1;0;0;0;0;0;0;"";5;5;5;5;;;;;1;0;1;0;0;1;1;1;1;0;0;0;0;0;0;0;0;5;5;5;5;5;5;1;5;5;5;1;5;5;5;5;1;5;5;5;1;5;1;5;1;5;3;5;5;5;1;5;5;5;1;5;1;5;1;5;2;5;1;"<p>Because it&#39;s all about life generally</p>";1;"<p>I didn&#39;t dislike it</p>";"<p>The love and tenderness</p>";"";"<p>Yes very helpful</p>";"<p>I would use the recommendation provided</p>";5;5;5;"<p>No</p>";"<p>No</p>";"";1;1;0;0;0;0;1;0
2020-05-11 18:53:50;2020-05-11 18:43:08;641,83;1;5;2;"";10;"hair and beauty";5;4;5;4;4;1;3;"";0;0;0;1;1;0;1;0;0;0;1;0;0;1;0;"";4;4;5;5;;;;;1;1;1;0;1;1;1;0;1;0;0;1;0;1;0;0;0;4;4;2;4;2;4;2;3;2;4;3;4;4;5;4;1;5;2;5;2;5;1;4;2;5;3;5;4;3;3;3;2;4;2;3;2;4;3;3;2;4;2;"<p>The middle one is really easy to read as far as the last part, and clear to me. The others come close though. I just liked the lay out of the wording especially in plain and simple style.</p>";1;"<p>It just doesn&#39;t give me anything that pops out like the one in the middle, and I would prefer the others over it bwcause of the things that showed up to use.</p>";"<p>I like the plain and simple language. I dislike the lack of clarity or extra effort it would take otherwise not using the second one.</p>";"<p>No changes for my favorite one, but the other two need something more plainer about them for someone my age.</p>";"<p>Yes I like seeing the mood of it all displayed for my curiosity.</p>";"<p>I like it, it has given me something to be interested in moreso than just choosing a song.</p>";5;5;5;"<p>No</p>";"<p>Nothing really, just do what you can do is fine with me</p>";"<p>Thanks, tried my best</p>";1;1;0;0;0;0;1;0
2020-05-11 16:39:11;2020-05-11 16:24:49;861,81;2;3;6;"";9;"";1;5;4;3;3;1;2;"";1;0;0;0;0;0;0;0;1;0;0;1;0;0;0;"";3;4;4;4;;;;;1;0;0;0;1;0;1;0;1;0;0;0;0;0;0;0;0;1;3;4;4;4;3;1;4;4;4;1;4;4;1;4;1;4;5;3;5;4;2;5;1;4;3;4;4;5;1;4;4;3;1;4;2;4;1;5;2;4;2;"<p>it is more detailed and clear having written the percentage of the job recommendation</p>";3;"<p>it is good but not well detailed.. colors and lines were used for the rating which i do not like.</p>";"<p>i love most how the ratings were shown in percentage</p>";"<p>None</p>";"<p>yes really.</p>";"<p>it is good. am glad to come across it.</p>";5;5;3;"<p>No please.</p>";"<p>None</p>";"";1;1;0;0;0;0;1;0
